идентификатор,идентификатор_проекта,идентификатор_коммуникации,время_сообщения,команда_автор_сообщения,команда_адресат_сообщения,канал,тип_сообщения,статус,краткое_содержание,идентификатор_связанной_задачи,эскалация
MSG7001,P007,COM701,2026-06-15T09:15:00,Проектный офис,Инженерия данных,проектный чат,вопрос,доставлено,"Для маскирования нужен перечень полей синтетических обращений. Анна отвечает за поручение T701, техническую проверку выполняет Игорь.",T701,ложь
MSG7002,P007,COM701,2026-06-16T10:15:00,Инженерия данных,Проектный офис,проектный чат,ответ,доставлено,Игорь: сначала проверю шаблоны отдельно от набора пилота. Число обращений в будущем пилоте — 20; стендовая проверка не будет означать его начало.,T701,ложь
MSG7003,P007,COM701,2026-06-17T11:15:00,Проектный офис,Инженерия данных,проектный чат,уточнение,доставлено,"Включите в план проверку вложенных полей и повторяемости масок. Маскирование пока не завершено, срок поручения Анны — 22 июня.",T701,ложь
MSG7004,P007,COM701,2026-06-18T12:15:00,Инженерия данных,Проектный офис,проектный чат,ответ,доставлено,"Игорь: сегодня офлайн проверены 18 вымышленных строк шаблонов: 16 обработаны, два исключения остаются открытыми. Это сценарный стенд, не пилот и не benchmark QA.",T701,ложь
MSG7005,P007,COM701,2026-06-19T13:15:00,Проектный офис,Инженерия данных,проектный чат,напоминание,доставлено,Анна: поручение остаётся открытым. После исправлений Игоря нужно проверить маскирование; без утверждённой матрицы доступа пилот также нельзя начинать.,T701,ложь
MSG7006,P007,COM702,2026-06-15T09:15:00,Проектный офис,Информационная безопасность,проектный чат,вопрос,доставлено,"Нужно разделить подготовку ответа и его утверждение сотрудником. Марина, включите разграничение этих действий в проект матрицы.",T702,ложь
MSG7007,P007,COM702,2026-06-16T10:15:00,Информационная безопасность,Проектный офис,проектный чат,ответ,доставлено,"Марина: оформляю роли для просмотра источника, проверки ссылки и утверждения ответа. Подготовка проекта не означает выдачу доступа.",T702,ложь
MSG7008,P007,COM702,2026-06-17T11:15:00,Проектный офис,Информационная безопасность,проектный чат,уточнение,доставлено,"Проект матрицы подготовлен сегодня, 17 июня. Прошу передать его на согласование; статус утверждения остаётся открытым.",T702,ложь
MSG7009,P007,COM702,2026-06-18T12:15:00,Информационная безопасность,Проектный офис,проектный чат,ответ,доставлено,"Марина: отсутствие реальных обращений не отменяет контроль доступа. Пока маскирование не закончено и матрица не утверждена, допуска нет.",T702,ложь
MSG7010,P007,COM702,2026-06-19T13:15:00,Проектный офис,Информационная безопасность,проектный чат,напоминание,доставлено,Анна: T702 остаётся заблокированной. Плановая дата согласования 23 июня не является решением о начале пилота.,T702,ложь
MSG7011,P007,COM703,2026-06-15T09:15:00,Инженерия данных,AI-разработка,проектный чат,вопрос,доставлено,"Прошу составить реестр синтетических источников: документ, версия, происхождение и ответственный. Реальные обращения граждан не включаем.",T703,ложь
MSG7012,P007,COM703,2026-06-16T10:15:00,AI-разработка,Инженерия данных,проектный чат,ответ,доставлено,Игорь: реестр по T703 составлен сегодня. Для документов фиксирую версию и дату; тестовые вопросы отделяю от источников ответов.,T703,ложь
MSG7013,P007,COM703,2026-06-17T11:15:00,Инженерия данных,AI-разработка,проектный чат,уточнение,доставлено,"Добавьте правило обновления: новая редакция должна иметь собственную дату, чтобы не подменять состояние прошлой версии.",T703,ложь
MSG7014,P007,COM703,2026-06-18T12:15:00,AI-разработка,Инженерия данных,проектный чат,ответ,доставлено,Игорь: стендовые строки проверки маскирования учитываем отдельно. Их результаты не следует смешивать с оценкой качества поиска.,T703,ложь
MSG7015,P007,COM703,2026-06-19T13:15:00,Инженерия данных,AI-разработка,проектный чат,напоминание,доставлено,При новых документах обновляйте реестр и сохраняйте ссылки на исходный файл. Существование источника не доказывает истинность любого вывода о нём.,T703,ложь
MSG7016,P007,COM704,2026-06-15T09:15:00,Инженерия данных,Тестирование,проектный чат,вопрос,доставлено,Предлагаю выделить проверку исключений маскирования в отдельный технический шаг. Пока результатов стенда нет.,T704,ложь
MSG7017,P007,COM704,2026-06-16T10:15:00,Тестирование,Инженерия данных,проектный чат,ответ,доставлено,"Игорь: подготовлю вымышленные строки шаблонов для офлайн проверки. Наличие синтетики не означает, что правила маскирования уже проверены.",T704,ложь
MSG7018,P007,COM704,2026-06-17T11:15:00,Инженерия данных,Тестирование,проектный чат,уточнение,доставлено,"Проверку планируем на 18 июня. До её выполнения не указывайте ни число обработанных строк, ни успешность маскирования.",T704,ложь
MSG7019,P007,COM704,2026-06-18T12:15:00,Тестирование,Инженерия данных,проектный чат,ответ,доставлено,Игорь: проверка сегодня дала 16 обработанных строк из 18 и два незакрытых исключения. По T704 потребуется исправление и повторный прогон.,T704,ложь
MSG7020,P007,COM704,2026-06-19T13:15:00,Инженерия данных,Тестирование,проектный чат,напоминание,доставлено,"Анна: закрытие T704 планируется на 20 июня. Это будущий срок, а не факт устранения; общее поручение по маскированию остаётся за мной.",T704,истина
MSG7021,P007,COM705,2026-06-15T09:15:00,Информационная безопасность,Проектный офис,проектный чат,вопрос,доставлено,"В проекте матрицы нужны понятные роли и действия, а не просто список фамилий. Подготовку ведёт Марина.",T705,ложь
MSG7022,P007,COM705,2026-06-16T10:15:00,Проектный офис,Информационная безопасность,проектный чат,ответ,доставлено,Марина: отделяю право подготовить черновик от права утвердить ответ. Инженер поиска не должен утверждать управленческие решения.,T705,ложь
MSG7023,P007,COM705,2026-06-17T11:15:00,Информационная безопасность,Проектный офис,проектный чат,уточнение,доставлено,Марина: проект T705 подготовлен 17 июня. Готовность этой задачи не означает утверждения самой матрицы.,T705,ложь
MSG7024,P007,COM705,2026-06-18T12:15:00,Проектный офис,Информационная безопасность,проектный чат,ответ,доставлено,Прошу сохранить статус «проект». Отдельный проект срока хранения журналов на 30 дней подготовлен сегодня; этот срок также не утверждён.,T705,ложь
MSG7025,P007,COM705,2026-06-19T13:15:00,Информационная безопасность,Проектный офис,проектный чат,напоминание,доставлено,Анна: направьте на согласование матрицу и отдельно вопрос хранения. Не представляйте эти два проекта как действующую политику.,T705,ложь
MSG7026,P007,COM706,2026-06-15T09:15:00,AI-разработка,Тестирование,проектный чат,вопрос,доставлено,"Павел, подготовьте план оценки поиска с размеченными вопросами и допустимыми источниками. Результаты пока неизвестны.",T706,ложь
MSG7027,P007,COM706,2026-06-16T10:15:00,Тестирование,AI-разработка,проектный чат,ответ,доставлено,"Павел: предлагаю цель Recall@8 не ниже 0,85. В отчёте должны быть знаменатель, релевантные источники и версия корпуса.",T706,ложь
MSG7028,P007,COM706,2026-06-17T11:15:00,AI-разработка,Тестирование,проектный чат,уточнение,доставлено,Добавьте вопросы о различии запроса резерва и его утверждения. Правильная ссылка не должна засчитываться за правильную интерпретацию.,T706,ложь
MSG7029,P007,COM706,2026-06-18T12:15:00,Тестирование,AI-разработка,проектный чат,ответ,доставлено,"Павел: T706 остаётся в работе. Проверка существования ссылок по T707 завершена сегодня как сценарная задача, но отчёта по качеству поиска ещё нет.",T706,ложь
MSG7030,P007,COM706,2026-06-19T13:15:00,AI-разработка,Тестирование,проектный чат,напоминание,доставлено,"Анна: оценка планируется на 21 июня. Recall@8 и отсутствие критических выдуманных решений пока критерии, а не достигнутые показатели.",T706,ложь
MSG7031,P007,COM707,2026-06-15T09:15:00,AI-разработка,Инженерия данных,проектный чат,вопрос,доставлено,"Нужна проверка, что выбранный ID действительно существует среди полученных источников. Павел, выделите это в T707.",T707,ложь
MSG7032,P007,COM707,2026-06-16T10:15:00,Инженерия данных,AI-разработка,проектный чат,ответ,доставлено,"Павел: проверка должна отклонять посторонний ID. Отдельно потребуется ручная оценка того, подтверждает ли фрагмент сам тезис.",T707,ложь
MSG7033,P007,COM707,2026-06-17T11:15:00,AI-разработка,Инженерия данных,проектный чат,уточнение,доставлено,"Добавьте пример с существующим документом, который содержит только запрос денег. Его ID не должен превращать запрос в утверждённый резерв.",T707,ложь
MSG7034,P007,COM707,2026-06-18T12:15:00,Инженерия данных,AI-разработка,проектный чат,ответ,доставлено,Павел: реализация проверки существования ссылок по T707 завершена 18 июня в учебном сценарии. Семантическую обоснованность всех ответов это не доказывает.,T707,ложь
MSG7035,P007,COM707,2026-06-19T13:15:00,AI-разработка,Инженерия данных,проектный чат,напоминание,доставлено,Денис должен проверить неподтверждённые ответы по T708. Закрытая T707 не заменяет итоговый отчёт качества и не разрешает пилот.,T707,ложь
MSG7036,P007,COM708,2026-06-15T09:15:00,Тестирование,AI-разработка,проектный чат,вопрос,доставлено,"Денис, добавьте вопросы, для которых в источниках нет подтверждения. Ожидаем явное указание нехватки данных.",T708,ложь
MSG7037,P007,COM708,2026-06-16T10:15:00,AI-разработка,Тестирование,проектный чат,ответ,доставлено,"Денис: включу отсутствующее решение о промышленном запуске и неизвестный измеренный эффект. Отказ должен объяснять, какого основания нет.",T708,ложь
MSG7038,P007,COM708,2026-06-17T11:15:00,Тестирование,AI-разработка,проектный чат,уточнение,доставлено,Нужен ещё вопрос с ложной предпосылкой: будто целевое время четыре минуты уже достигнуто. Источники подтверждают только цель.,T708,ложь
MSG7039,P007,COM708,2026-06-18T12:15:00,AI-разработка,Тестирование,проектный чат,ответ,доставлено,Денис: T708 ещё в работе. Неразрешимая ссылка и существующая ссылка с неверной интерпретацией будут разными случаями проверки.,T708,ложь
MSG7040,P007,COM708,2026-06-19T13:15:00,Тестирование,AI-разработка,проектный чат,напоминание,доставлено,"Анна: повторная проверка запланирована к 20 июня. Пока нет итогов, не называем набор пройденным и сохраняем человеческое утверждение ответов.",T708,ложь
MSG7041,P007,COM709,2026-06-15T09:15:00,Сопровождение,Проектный офис,проектный чат,вопрос,доставлено,"Елена, подготовьте FAQ для сотрудника: где проверить источник и кому передать вопрос без основания.",T709,ложь
MSG7042,P007,COM709,2026-06-16T10:15:00,Проектный офис,Сопровождение,проектный чат,ответ,доставлено,Елена: добавлю различие между черновиком ответа и утверждённым ответом. Агент не получает право принимать решения.,T709,ложь
MSG7043,P007,COM709,2026-06-17T11:15:00,Сопровождение,Проектный офис,проектный чат,уточнение,доставлено,В FAQ нужно явно ответить на предложение запуска 22 июня: обсуждение даты не означает согласования допуска.,T709,ложь
MSG7044,P007,COM709,2026-06-18T12:15:00,Проектный офис,Сопровождение,проектный чат,ответ,доставлено,Елена: маршрутизация обращений по T715 согласована сегодня. FAQ по T709 ещё требует согласования; это отдельная работа.,T709,ложь
MSG7045,P007,COM709,2026-06-19T13:15:00,Сопровождение,Проектный офис,проектный чат,напоминание,доставлено,Цель первого ответа сопровождения — один рабочий день. Фактическое соблюдение не измерено; срок нельзя называть действующим SLA.,T709,ложь
MSG7046,P007,COM710,2026-06-15T09:15:00,Сопровождение,Тестирование,проектный чат,вопрос,доставлено,"Для обучения потребуется сценарий ручной проверки ответа, включая ссылки и статус решения. Обучение пока только планируем.",T710,ложь
MSG7047,P007,COM710,2026-06-16T10:15:00,Тестирование,Сопровождение,проектный чат,ответ,доставлено,Елена: подготовлю примеры корректного отказа и возврата черновика на доработку. Реальные обращения граждан использовать не будем.,T710,ложь
MSG7048,P007,COM710,2026-06-17T11:15:00,Сопровождение,Тестирование,проектный чат,уточнение,доставлено,Включите упражнение: цель с 10 до 4 минут нельзя выдать за измеренную экономию времени.,T710,ложь
MSG7049,P007,COM710,2026-06-18T12:15:00,Тестирование,Сопровождение,проектный чат,ответ,доставлено,"Елена: согласованная маршрутизация позволит показать, куда передать вопрос. Само обучение по T710 ещё не проводилось.",T710,ложь
MSG7050,P007,COM710,2026-06-19T13:15:00,Сопровождение,Тестирование,проектный чат,напоминание,доставлено,"Анна: обучение запланировано на 24 июня. Будущая дата не означает, что сотрудники обучены или пилот начат.",T710,ложь
MSG7051,P007,COM711,2026-06-15T09:15:00,Тестирование,Проектный офис,проектный чат,вопрос,доставлено,"Денис, приёмку нужно связать с условиями допуска и отчётом качества, а не только с наличием двадцати синтетических обращений.",T711,ложь
MSG7052,P007,COM711,2026-06-16T10:15:00,Проектный офис,Тестирование,проектный чат,ответ,доставлено,"Денис: подготовлю форму с ожидаемым результатом, источником и замечанием. Пустое поле результата не означает успешную проверку.",T711,ложь
MSG7053,P007,COM711,2026-06-17T11:15:00,Тестирование,Проектный офис,проектный чат,уточнение,доставлено,Не назначайте старт по одному сроку маскирования. Для пилота обязательны проверенное маскирование и утверждение матрицы доступа.,T711,ложь
MSG7054,P007,COM711,2026-06-18T12:15:00,Проектный офис,Тестирование,проектный чат,ответ,доставлено,"Денис: после стенда 18 июня два исключения открыты. Допуска и итогового отчёта качества нет, поэтому T711 заблокирована.",T711,ложь
MSG7055,P007,COM711,2026-06-19T13:15:00,Тестирование,Проектный офис,проектный чат,напоминание,доставлено,"Анна: план приёмки — 25 июня, но пилот пока не начат. Даже успешная ограниченная приёмка не заменяет подписанное решение промышленного запуска.",T711,ложь
MSG7056,P007,COM712,2026-06-15T09:15:00,Проектный офис,Информационная безопасность,проектный чат,вопрос,доставлено,Для финансового контроля отделите плановый бюджет от дополнительных потребностей. Само обсуждение расходов не является согласованием.,T712,ложь
MSG7057,P007,COM712,2026-06-16T10:15:00,Информационная безопасность,Проектный офис,проектный чат,ответ,доставлено,Рабочая записка должна различать фактические затраты и ожидаемые эффекты. Неизмеренную экономию нельзя использовать как источник средств.,T712,ложь
MSG7058,P007,COM712,2026-06-17T11:15:00,Проектный офис,Информационная безопасность,проектный чат,уточнение,доставлено,Анна: подготовлю вопрос о дополнительных проверках маскирования и доступа. Решение по финансированию должно быть отдельным.,T712,ложь
MSG7059,P007,COM712,2026-06-18T12:15:00,Информационная безопасность,Проектный офис,проектный чат,ответ,доставлено,"Анна: резерв 600 000 рублей запрошен на дополнительную проверку маскирования и доступа, но не утверждён. Плановый бюджет — 2 400 000, фактические затраты — 800 000 рублей.",T712,ложь
MSG7060,P007,COM712,2026-06-19T13:15:00,Проектный офис,Информационная безопасность,проектный чат,напоминание,доставлено,По T712 планируем получить решение к 23 июня. Запрошенные 600 000 не включаем в выделенный бюджет; резерв не даёт допуска к пилоту.,T712,ложь
MSG7061,P007,COM713,2026-06-18T09:00:00,Проектный офис,AI-разработка,проектный чат,вопрос,доставлено,"Сверяю рабочую спецификацию набора с предложением от 16 июня. Тогда обсуждались десять вопросов о статусе, четыре о бюджете, четыре о доступе и два случая отсутствия сведений. Эти числа описывали распределение будущих синтетических обращений, а не уже выполненные проверки. Прошу сохранить дату версии возле состава.",T706,ложь
MSG7062,P007,COM713,2026-06-18T09:00:10,AI-разработка,Проектный офис,проектный чат,ответ,доставлено,"В рабочей редакции от 18 июня распределение изменено: восемь вопросов о статусе, шесть о бюджете, четыре о доступе и два без достаточных сведений. Общее число осталось двадцать. Перенос двух примеров между темами не увеличивает объем будущего пилота и не означает получения дополнительных результатов качества.",T706,ложь
MSG7063,P007,COM713,2026-06-18T09:00:20,Проектный офис,AI-разработка,проектный чат,уточнение,доставлено,"Если в кратком ответе рядом стоят числа десять и восемь, сотруднику нужна причина различия. Это количество статусных вопросов в двух редакциях состава, а не количество успешно обработанных обращений. Для бюджетных вопросов соответственно использовались четыре и шесть. Даты редакций обязательны, иначе ответ выглядит внутренне противоречивым.",T706,ложь
MSG7064,P007,COM713,2026-06-18T09:00:30,AI-разработка,Проектный офис,проектный чат,ответ,доставлено,Предлагаю проверять состав как отдельный вопрос поиска: что планировали первоначально и что уточнили позднее. Нельзя превращать согласование формулировок набора в разрешение начать пилот. Текущая рабочая спецификация не утверждена; блокирующие условия маскирования и матрицы доступа сохраняются независимо от распределения двадцати будущих примеров.,T706,ложь
MSG7065,P007,COM713,2026-06-18T09:00:40,Проектный офис,AI-разработка,проектный чат,напоминание,доставлено,"Фиксирую результат этой переписки: в ответах о текущем рабочем составе ссылаемся на редакцию 18 июня, а первоначальное предложение явно называем историческим. Утверждение набора, запуск пилота и измеренная точность здесь не подтверждаются. Для двух примеров без сведений нужен корректный отказ, а не заранее сочиненные проектные факты.",T706,ложь
MSG7066,P007,COM714,2026-06-18T13:00:00,Проектный офис,AI-разработка,проектный чат,вопрос,доставлено,"На карточке набора появилось сокращение «восемь статусов, шесть бюджетов». Его можно прочитать как отчет о выполнении. Прошу раскрыть подпись: речь идет о запланированном распределении тем в двадцати синтетических обращениях. Четыре вопроса о доступе и два случая недостаточности данных по сравнению с первоначальным предложением не менялись.",T706,ложь
MSG7067,P007,COM714,2026-06-18T13:00:10,AI-разработка,Проектный офис,проектный чат,ответ,доставлено,"Полученное в ответ слово «принято» подтверждает, что коллега увидел редакцию состава. Оно не заменяет решения об утверждении и не снимает ограничений допуска. Просьба не ставить рядом зеленую отметку успешности пилота: ни прохождение всех двадцати примеров, ни фактическая точность агента этой перепиской не установлены.",T706,ложь
MSG7068,P007,COM714,2026-06-18T13:00:20,Проектный офис,AI-разработка,проектный чат,уточнение,доставлено,"Два случая отсутствия сведений сохраняем в плане специально. Они нужны, чтобы позже проверить поведение при недостаточном основании для ответа. Наличие таких строк в спецификации не доказывает, что система уже умеет корректно отказывать. В дальнейшем результат потребуется оценивать по конкретным ответам и источникам, отдельно от состава набора.",T706,ложь
MSG7069,P007,COM714,2026-06-18T13:00:30,AI-разработка,Проектный офис,проектный чат,ответ,доставлено,"Разница между версиями полезна для вопроса «почему изменилось число бюджетных примеров». Подтверждено только само перераспределение: было четыре, стало шесть, всего по-прежнему двадцать. Причину увеличения, имя согласовавшего и дату утверждения придумывать нельзя. Переписка не содержит решения, превращающего рабочую редакцию в утвержденный план испытаний.",T706,ложь
MSG7070,P007,COM714,2026-06-18T13:00:40,Проектный офис,AI-разработка,проектный чат,напоминание,доставлено,"Для передачи сотруднику оставляю короткое разграничение: состав описывает будущие вопросы, протокол проверки описывал бы выполненные действия, отчет качества описывал бы измеренные результаты. Сейчас обсуждался первый документ. Закрытие обсуждения формулировок не должно менять состояние пилота, приемки или задачи подготовки оценки качества поиска без отдельного основания.",T706,ложь
MSG7071,P007,COM715,2026-06-18T09:05:00,Проектный офис,Инженерия данных,проектный чат,вопрос,доставлено,"Игорь, к результату стендовой проверки от 18 июня нужны точные адреса двух исключений. Общее число проверенных вымышленных строк равно восемнадцати, обработаны шестнадцать. Это сведения о шаблонах маскирования, а не о двадцати обращениях будущего пилота. Пока исключения открыты, писать о завершенном маскировании нельзя.",T704,ложь
MSG7072,P007,COM715,2026-06-18T09:05:10,Инженерия данных,Проектный офис,проектный чат,ответ,доставлено,"Уточняю первое исключение: M-017 относится к свободному тексту attachments.comment. Название поля важно сохранить полностью, иначе его легко спутать с обычным комментарием задачи. Техническое исправление выполняет Игорь Смирнов, приемку ведет Анна Волкова. Наличие адреса дефекта само по себе не означает, что исправление уже выполнено.",T704,ложь
MSG7073,P007,COM715,2026-06-18T09:05:20,Проектный офис,Инженерия данных,проектный чат,уточнение,доставлено,"Второе исключение обозначено M-018 и связано с вложенным полем message.note. Оно существует отдельно от M-017, даже если оба описания содержат слово «текст». При кратком пересказе нельзя объединять их в одну неисправность или объявлять оставшиеся две строки обработанными. Зафиксированное соотношение пока составляет шестнадцать из восемнадцати.",T704,ложь
MSG7074,P007,COM715,2026-06-18T09:05:30,Инженерия данных,Проектный офис,проектный чат,ответ,доставлено,"Анна, просьба различать технического исполнителя и принимающего результат сотрудника. По исключениям код исправляет Игорь, а приемка относится к вашей роли. Это распределение ответственности не переносит на Игоря право разрешить пилот. Помимо незавершенного маскирования для допуска остается отдельное требование утвержденной матрицы доступа.",T704,ложь
MSG7075,P007,COM715,2026-06-18T09:05:40,Проектный офис,Инженерия данных,проектный чат,напоминание,доставлено,"На конец обсуждения оба исключения остаются открытыми. В карточке T704 можно записать конкретные поля и владельцев, но нельзя добавить дату фактического закрытия. Будущий повторный прогон должен дать отдельное подтверждение исправлений. До такого подтверждения формулировки «устранено», «все восемнадцать обработаны» и «пилот разрешен» не соответствуют сведениям.",T704,ложь
MSG7076,P007,COM716,2026-06-18T13:05:00,Проектный офис,Инженерия данных,проектный чат,вопрос,доставлено,"В пересказе встречи шестнадцать обработанных строк названы шестнадцатью успешными ответами помощника. Исправляю это смешение объектов проверки: речь шла о вымышленных строках шаблонов маскирования. Ни качество ответа на вопрос, ни существование его ссылки такими строками не измерялось. Полный будущий набор пилота по-прежнему содержит двадцать обращений.",T704,ложь
MSG7077,P007,COM716,2026-06-18T13:05:10,Инженерия данных,Проектный офис,проектный чат,ответ,доставлено,"Коллега написал «ошибки найдены, принято». Здесь принято означает получение перечня M-017 и M-018. Для приемки исправлений нужен результат после изменения обработки полей, а не только подтверждение прочтения сообщения. Не меняйте статус T704 на готово по этой фразе; оба исключения в текущих данных остаются открытыми.",T704,ложь
MSG7078,P007,COM716,2026-06-18T13:05:20,Проектный офис,Инженерия данных,проектный чат,уточнение,доставлено,"Для поиска по точному обозначению M-017 полезно возвращать источник, где прямо указано attachments.comment. Близкий текст про M-018 и message.note отвечает на другой вопрос. Если пользователь просит сравнение, надо показать обе записи и не путать обозначения. Само сходство формулировок не дает основания переставлять адреса полей между исключениями.",T704,ложь
MSG7079,P007,COM716,2026-06-18T13:05:30,Инженерия данных,Проектный офис,проектный чат,ответ,доставлено,"В вопросе о завершении маскирования ответ должен различать установленный результат и следующее действие. Установлены восемнадцать проверенных строк, шестнадцать обработанных и два открытых исключения. Следующее действие — исправление и повторная приемка. Срок поручения не является фактической датой исправления, а отсутствие нового сообщения не доказывает закрытие дефектов.",T704,ложь
MSG7080,P007,COM716,2026-06-18T13:05:40,Проектный офис,Инженерия данных,проектный чат,напоминание,доставлено,"Передаю сопровождению уточнение для ответов сотрудникам: адреса полей можно назвать, но реальные значения в них не требуются. В нашем сценарии все данные синтетические. Отчет о маскировании нельзя использовать как разрешение загрузить реальные персональные сведения или как подтверждение запуска пилота; таких решений в обсуждении нет.",T704,ложь
MSG7081,P007,COM717,2026-06-19T09:10:00,Тестирование,Проектный офис,проектный чат,вопрос,доставлено,"Возвращаюсь к проекту правила приоритета источников от 17 июня. Вопрос касается ситуации, когда переписка новее документа и формулировки расходятся. Одной даты сообщения недостаточно, чтобы объявить документ отмененным. Нужны статус документа, полномочия автора решения и явное содержание решения; пока обсуждаем проект порядка, а не утвержденный регламент.",T703,ложь
MSG7082,P007,COM717,2026-06-19T09:10:10,Проектный офис,Тестирование,проектный чат,ответ,доставлено,"Уточнение от 19 июня: утверждение требует явного решения уполномоченного сотрудника. Поздняя переписка сама по себе не отменяет утвержденный документ. Если помощник видит разные значения, он должен сохранить различие версий и показать основания. Молчание адресата, отметка прочтения и фраза «спасибо» не образуют нового управленческого решения.",T703,ложь
MSG7083,P007,COM717,2026-06-19T09:10:20,Тестирование,Проектный офис,проектный чат,уточнение,доставлено,"Для неразрешенного конфликта предлагается показывать обе версии и передавать вопрос сотруднику. Это правило ограничивает уверенность ответа, а не автоматически выбирает самый длинный или самый свежий источник. Переписка может объяснять контекст изменения, но без явного решения не позволяет приписывать новой редакции статус утвержденной или удалять прежнее основание.",T703,ложь
MSG7084,P007,COM717,2026-06-19T09:10:30,Проектный офис,Тестирование,проектный чат,ответ,доставлено,"В реестре полезно различать дату публикации, версию и статус. Например, дата нового сообщения может относиться к обсуждению предложения, а не к вступлению документа в силу. Проект правила приоритета еще не утвержден. Не записывайте его как действующую обязанность системы и не сообщайте, будто автоматическое разрешение конфликтов уже реализовано.",T703,ложь
MSG7085,P007,COM717,2026-06-19T09:10:40,Тестирование,Проектный офис,проектный чат,напоминание,доставлено,"Итог уточнения сформулируем условно: при противоречии требуется проверка полномочий и решения; пока противоречие не разрешено, сотрудник получает обе версии. Это не разрешение помощнику самостоятельно отменять документы. В ответе по проекту важно сохранить пометку «проект правила», поскольку переписка завершилась уточнением текста, а не утверждением регламента.",T703,ложь
MSG7086,P007,COM718,2026-06-19T13:10:00,Тестирование,Проектный офис,проектный чат,вопрос,доставлено,"Вопрос пользователя «что верно сейчас» нельзя свести к сортировке по времени. Источник от 19 июня может пересказывать идею, тогда как более ранний документ содержит утвержденное решение. Предлагаемый порядок различает свежесть сообщения и силу решения. Если данных о полномочиях нет, это отсутствие надо назвать, не подменяя его догадкой.",T703,ложь
MSG7087,P007,COM718,2026-06-19T13:10:10,Проектный офис,Тестирование,проектный чат,ответ,доставлено,"Фраза «последнее сообщение важнее» в черновом объяснении слишком сильная. Исправленная формулировка требует явного решения уполномоченного лица. Поздний комментарий может быть релевантным источником сомнения, однако он не получает право отменять документ только из-за времени отправки. Сам уточненный порядок остается предложением, а не подтверждением новых прав помощника.",T703,ложь
MSG7088,P007,COM718,2026-06-19T13:10:20,Тестирование,Проектный офис,проектный чат,уточнение,доставлено,"Для будущей проверки подготовьте вопрос, где два источника расходятся, но ни один не содержит явной отмены другого. Ожидаемое описание поведения — показать конфликт сотруднику. Это проект тестового случая; фактического прохождения проверки сейчас не заявляем. Наличие такого вопроса в переписке не подтверждает реализованный механизм приоритета версий в приложении.",T703,ложь
MSG7089,P007,COM718,2026-06-19T13:10:30,Проектный офис,Тестирование,проектный чат,ответ,доставлено,"Подтверждение получения проекта коллегой не меняет его статус. Отдельно прошу не интерпретировать слово «согласен» вне контекста как универсальное полномочие утверждать регламент. Для проектного ответа нужно проверяемое решение и его предмет. При отсутствии такого основания лучше оставить две версии видимыми, чем создать ложное впечатление окончательно разрешенного противоречия.",T703,ложь
MSG7090,P007,COM718,2026-06-19T13:10:40,Тестирование,Проектный офис,проектный чат,напоминание,доставлено,"Перед закрытием обсуждения повторяю различие: реестр помогает найти версии, решение уполномоченного сотрудника определяет утверждение, а помощник сообщает, что подтверждается источниками. Эти функции не взаимозаменяемы. Ни дата сообщения, ни техническая доступность документа, ни завершение переписки не позволяют автоматически отметить проект правила приоритета как утвержденный.",T703,ложь
MSG7091,P007,COM719,2026-06-19T09:15:00,Проектный офис,AI-разработка,проектный чат,вопрос,доставлено,"В предложении от 16 июня ключом сравнения был SHA-256 исходных байтов файла. Такой способ замечает изменение самого файла, но не объясняет, является ли перед нами новая версия документа или другая упаковка того же текста. Обсуждение касалось проекта дедупликации; утверждать, что этот алгоритм уже внедрен, оснований нет.",T703,ложь
MSG7092,P007,COM719,2026-06-19T09:15:10,AI-разработка,Проектный офис,проектный чат,ответ,доставлено,"Редакция от 19 июня предлагает учитывать document_id, version и SHA-256 нормализованного текста совместно. Это не простой переход к сравнению одного хэша. Идентичность документа и его версия остаются существенными. Просьба сохранить все три элемента в описании, иначе читатель решит, что одинаковое содержание автоматически превращает разные документы в один источник.",T703,ложь
MSG7093,P007,COM719,2026-06-19T09:15:20,Проектный офис,AI-разработка,проектный чат,уточнение,доставлено,"Одинаковый текст разных документов нельзя сливать в единственный источник. У них могут различаться название, назначение и происхождение, которые нужны сотруднику для проверки ссылки. Совпадение нормализованного текста помогает обнаружить похожесть, но не отменяет document_id. Это уточнение правила обработки кандидатов, а не сообщение о фактическом удалении дублей в индексе.",T703,ложь
MSG7094,P007,COM719,2026-06-19T09:15:30,AI-разработка,Проектный офис,проектный чат,ответ,доставлено,"Нужен отдельный пример для смены версии одного документа и для двух документов с общей фразой. В первом случае важны document_id и version, во втором нельзя терять самостоятельные источники. Предлагаемые примеры предназначены для будущей проверки. Пока реализация не подтверждена, в статусе задачи не следует писать «дедупликация завершена».",T703,ложь
MSG7095,P007,COM719,2026-06-19T09:15:40,Проектный офис,AI-разработка,проектный чат,напоминание,доставлено,"В итоговом описании сохраняем историю: сначала предлагался хэш исходных байтов, затем появился составной способ сравнения с нормализованным текстом. Уточнение не является отчетом о миграции индекса. Нет оснований утверждать, что старые записи уже пересчитаны или удалены; обсуждалось только желаемое поведение для дальнейшей реализации и проверки.",T703,ложь
MSG7096,P007,COM720,2026-06-19T13:15:00,Проектный офис,AI-разработка,проектный чат,вопрос,доставлено,"Поступил вопрос, почему два одинаковых абзаца вернулись с разными идентификаторами. По рабочему правилу это допустимо, если абзацы принадлежат разным документам. Не нужно исправлять ответ путем стирания одной ссылки ради красивого количества результатов. Сотруднику важна прослеживаемость происхождения, а не только отсутствие повторяющихся слов в выдаче.",T703,ложь
MSG7097,P007,COM720,2026-06-19T13:15:10,AI-разработка,Проектный офис,проектный чат,ответ,доставлено,"Нормализация текста и подсчет SHA-256 не определяют статус документа. Даже если хэш двух редакций совпал, из этого не следует, что обе утверждены или что новая редакция отменяет прежнюю. Вопрос утверждения остается вопросом решения сотрудника. Проект дедупликации решает идентификацию содержания, а не управленческий приоритет источников.",T703,ложь
MSG7098,P007,COM720,2026-06-19T13:15:20,Проектный офис,AI-разработка,проектный чат,уточнение,доставлено,"Для точного ответа на вопрос «какой ключ обсуждали» нужны дата и редакция. На 16 июня предложение относилось к исходным байтам; уточнение от 19 июня перечисляет document_id, version и хэш нормализованного текста. Если назвать только SHA-256, пользователь потеряет важное различие между двумя схемами и сделает неверный вывод о слиянии документов.",T703,ложь
MSG7099,P007,COM720,2026-06-19T13:15:30,AI-разработка,Проектный офис,проектный чат,ответ,доставлено,"Коллега отметил «понятно, принято» под составным ключом. Считаем это подтверждением прочтения уточнения, а не актом внедрения алгоритма. Статус implemented остается отрицательным. Проверки на одинаковом тексте и разных идентификаторах еще нельзя описывать как успешно пройденные: здесь зафиксирован замысел и границы будущего поведения.",T703,ложь
MSG7100,P007,COM720,2026-06-19T13:15:40,Проектный офис,AI-разработка,проектный чат,напоминание,доставлено,"При передаче задачи инженеру прошу сохранить негативный пример: два самостоятельных документа с одинаковой формулировкой должны остаться двумя источниками. Положительный пример сравнения версий следует хранить отдельно. Такое разделение помогает проверять результат без выдуманной цифры точности и без заявления, что обсуждаемая дедупликация уже работает в текущем демонстрационном коде.",T703,ложь
MSG7101,P007,COM721,2026-06-19T09:20:00,Проектный офис,AI-разработка,проектный чат,вопрос,доставлено,"В плане восстановления от 17 июня появились две разные цели: допустимая точка восстановления двадцать четыре часа и время восстановления тридцать минут. Их нельзя объединять в один срок. Пока это целевые параметры проекта процедуры, а не измеренные результаты аварийного прогона. Утверждение этих целей также не подтверждено.",T714,ложь
MSG7102,P007,COM721,2026-06-19T09:20:10,AI-разработка,Проектный офис,проектный чат,ответ,доставлено,"Уточнение от 19 июня связывает RAG-017 с отставанием индекса от manifest. В таком случае требуется проверить свежесть и выполнить управляемое обновление. Это описание диагностического сценария, не доказательство произошедшего инцидента. Код RAG-071 относится к другой проблеме и не должен появляться в ответе вместо RAG-017.",T714,ложь
MSG7103,P007,COM721,2026-06-19T09:20:20,Проектный офис,AI-разработка,проектный чат,уточнение,доставлено,"Двадцать четыре часа описывают целевую точку восстановления, а тридцать минут — целевое время восстановления. Тридцать дней относятся к отдельному обсуждению хранения журналов. Просьба не переносить число дней в процедуру восстановления и не отвечать, будто измеренная длительность восстановления уже составила полчаса: такого результата у нас нет.",T714,ложь
MSG7104,P007,COM721,2026-06-19T09:20:30,AI-разработка,Проектный офис,проектный чат,ответ,доставлено,"Проверка свежести нужна до утверждения, что поиск отражает manifest. Сам факт существования индекса не гарантирует совпадения состава источников. В рабочем плане речь идет об управляемом обновлении после выявленного отставания. Оно не означает разрешение произвольно менять документы, скрывать конфликт версий или объявлять принятым весь будущий пилот.",T714,ложь
MSG7105,P007,COM721,2026-06-19T09:20:40,Проектный офис,AI-разработка,проектный чат,напоминание,доставлено,"В итоговой карточке T714 оставляем плановые значения и открытый вопрос проверки. Формулировки «восстановили за тридцать минут» и «обеспечили потерю не больше суток» пока не имеют измерительного основания. Сотруднику следует сообщить именно цели и отсутствие подтвержденного результата, а не превращать понятные технические ориентиры в обещание действующей гарантии.",T714,ложь
MSG7106,P007,COM722,2026-06-19T13:20:00,Проектный офис,AI-разработка,проектный чат,вопрос,доставлено,"В сообщении сопровождения RAG-017 ошибочно назван нарушением доступа. Для этого учебного сценария верно другое: индекс отстает от manifest, поэтому сначала разбираемся со свежестью. Проверку выдачи закрытого источника описывает RAG-071. Похожесть трех цифр не позволяет смешивать причины, маршруты проверки и смысл ответа сотруднику.",T714,ложь
MSG7107,P007,COM722,2026-06-19T13:20:10,AI-разработка,Проектный офис,проектный чат,ответ,доставлено,"Если пользователь спрашивает «за сколько восстановили индекс», в наших источниках можно назвать только целевые тридцать минут и отсутствие измерения. Ответ без слова «цель» подменяет факт планом. Утверждение процедуры тоже отсутствует, поэтому нельзя ссылаться на переписку как на действующее обязательство восстановить любой инцидент за полчаса.",T714,ложь
MSG7108,P007,COM722,2026-06-19T13:20:20,Проектный офис,AI-разработка,проектный чат,уточнение,доставлено,"Для точного поиска стоит сохранять дефис в RAG-017: это идентификатор сценария свежести, а не число семнадцать отдельно от контекста. Рядом можно искать manifest и управляемое обновление. При этом найденный релевантный фрагмент еще не доказывает, что обновление действительно выполнено или что работоспособность после него уже проверена.",T714,ложь
MSG7109,P007,COM722,2026-06-19T13:20:30,AI-разработка,Проектный офис,проектный чат,ответ,доставлено,"Согласование описания целей не закрывает задачу проверки восстановления. Нам нужен отдельный результат будущего прогона, чтобы сравнить наблюдение с планом. На текущую дату measured и approval остаются отрицательными. Не добавляйте в отчет успешный прогон из-за фразы «принял план» и не меняйте срок задачи на фактическую дату завершения.",T714,ложь
MSG7110,P007,COM722,2026-06-19T13:20:40,Проектный офис,AI-разработка,проектный чат,напоминание,доставлено,"В передаче между командами разделяем три понятия без сокращений: двадцать четыре часа до точки восстановления, тридцать минут на восстановление, тридцать дней в проекте хранения журналов. Они относятся к разным решениям. Смешанная запись «тридцать» без единицы и предмета недостаточна для проектного ответа и должна быть уточнена сотрудником.",T714,ложь
MSG7111,P007,COM723,2026-06-19T09:25:00,Проектный офис,Информационная безопасность,проектный чат,вопрос,доставлено,"В черновике проверки от 17 июня рассматриваются роли читателя, проверяющего и администратора индекса. Это целевая матрица для учебных сценариев, а не перечень уже реализованных прав приложения. До проверки нельзя утверждать, что каждая роль действительно ограничена на уровне кода или что подготовленная матрица получила утверждение.",T702,ложь
MSG7112,P007,COM723,2026-06-19T09:25:10,Информационная безопасность,Проектный офис,проектный чат,ответ,доставлено,"Уточнение от 19 июня: RAG-071 обозначает сценарий, в котором тестовая учетная запись не должна получать закрытый источник. Здесь важен отрицательный ожидаемый результат — источник не возвращается. Код не является подтверждением найденной реальной утечки; описание относится к проекту проверки доступа в синтетическом окружении.",T702,ложь
MSG7113,P007,COM723,2026-06-19T09:25:20,Проектный офис,Информационная безопасность,проектный чат,уточнение,доставлено,"Не смешиваем RAG-071 с RAG-017. Первый касается недопустимой выдачи закрытого источника тестовой роли, второй — отставания индекса от manifest. Даже если обе ситуации требуют внимания инженера, в ответе нужно сохранить предмет проверки. Полезная ссылка на процедуру восстановления не подтверждает правильность разграничения доступа и наоборот.",T702,ложь
MSG7114,P007,COM723,2026-06-19T09:25:30,Информационная безопасность,Проектный офис,проектный чат,ответ,доставлено,"Проект матрицы может быть подготовлен, а ее утверждение оставаться открытым. Поэтому завершение подготовки документа по T705 не снимает блокировку допуска по T702. Для ответа о разрешении пилота требуется отдельное основание. Рабочие сценарии доступа и перечисление ролей сами по себе не дают сотруднику права начинать пилот.",T702,ложь
MSG7115,P007,COM723,2026-06-19T09:25:40,Проектный офис,Информационная безопасность,проектный чат,напоминание,доставлено,"В итоговом уточнении прошу явно написать: тест доступа еще не считается пройденным. Наличие целевой матрицы не доказывает наличие ACL в демонстрационном коде. Формулировки «проверено», «закрытые документы защищены» и «все роли настроены» потребовали бы результатов реализации и испытания, которых эта переписка не содержит.",T702,ложь
MSG7116,P007,COM724,2026-06-19T13:25:00,Проектный офис,Информационная безопасность,проектный чат,вопрос,доставлено,"Коллега отметил, что документ матрицы доступен для чтения, и предложил считать вопрос доступа закрытым. Это разные действия: прочитать проект матрицы и подтвердить ограничения выдачи закрытых источников. Для RAG-071 требуется проверка поведения тестовой учетной записи. Полученный документ не заменяет такой проверки и не делает матрицу утвержденной.",T702,ложь
MSG7117,P007,COM724,2026-06-19T13:25:10,Информационная безопасность,Проектный офис,проектный чат,ответ,доставлено,"Роль администратора индекса в целевой схеме не означает, что любой пользователь может менять индекс. Роль проверяющего также не равна разрешению самостоятельно утверждать все документы. Описываем именно проект разграничения. Не добавляйте новые полномочия или фамилии согласовавших в ответы, пока они не установлены явным решением в источниках.",T702,ложь
MSG7118,P007,COM724,2026-06-19T13:25:20,Проектный офис,Информационная безопасность,проектный чат,уточнение,доставлено,"Для будущего тестового вопроса можно спросить, должна ли тестовая роль видеть закрытый источник. Ответ по проекту сценария — не должна. Но вопрос «прошла ли проверка» имеет другой ответ: подтвержденного прохождения нет. Совпадающие слова о закрытом источнике не превращают требование к поведению в наблюдение о его фактическом выполнении.",T702,ложь
MSG7119,P007,COM724,2026-06-19T13:25:30,Информационная безопасность,Проектный офис,проектный чат,ответ,доставлено,"Сопровождению нужен устойчивый разбор кода RAG-071 вместе с ролями и отрицательным ожиданием. Если помощник возвращает описание RAG-017, сотрудник должен заметить подмену темы, даже при существующей ссылке. Такая проверка содержания является будущим приемочным действием; сама постановка вопроса не означает найденный или устраненный производственный дефект.",T702,ложь
MSG7120,P007,COM724,2026-06-19T13:25:40,Проектный офис,Информационная безопасность,проектный чат,напоминание,доставлено,"Закрываем уточнение формулировок, сохраняя незавершенность самого контроля доступа. Подготовленная матрица, будущий тест и фактическое разрешение пилота остаются разными состояниями. Все учетные записи в описании условные и синтетические. Нет основания сообщать о реальных сотрудниках с конкретными правами либо о завершенной настройке безопасности демонстрационной системы.",T702,ложь
MSG7121,P007,COM725,2026-06-19T09:30:00,Проектный офис,Сопровождение,проектный чат,вопрос,доставлено,"В проекте разбора обращений от 16 июня предложены уровни P1, P2 и P3. Елена Морозова ведет сопровождение, однако сами названия уровней не означают три зарегистрированных инцидента. Это классификация будущих учебных ситуаций. В ответе сотруднику надо описывать условия и действия, сохраняя отметку об отсутствии фактического инцидента.",T715,ложь
MSG7122,P007,COM725,2026-06-19T09:30:10,Сопровождение,Проектный офис,проектный чат,ответ,доставлено,"Уточнение P1: потенциальное раскрытие данных требует остановить учебный прогон и привлечь информационную безопасность. Ключевое слово здесь «потенциальное», а действие касается учебного прогона. Нельзя превращать описание маршрута в сообщение о состоявшейся утечке, промышленной аварии или доказанном доступе реального человека к закрытому документу.",T715,ложь
MSG7123,P007,COM725,2026-06-19T09:30:20,Проектный офис,Сопровождение,проектный чат,уточнение,доставлено,"Для P2 рассматривается неверная либо неразрешимая ссылка. Ответ не следует отправлять, пока источник не исправлен. Это отличается от пустой выдачи: в P2 есть проблема с основанием ссылки, а не просто отсутствие подходящего фрагмента. Существование адреса само по себе также не гарантирует, что источник подтверждает утверждение.",T715,ложь
MSG7124,P007,COM725,2026-06-19T09:30:30,Сопровождение,Проектный офис,проектный чат,ответ,доставлено,"Для P3 рассматривается пустая выдача: фиксируем недостаточность данных и уточняем вопрос. Нельзя автоматически превращать отсутствие результатов в доказательство отсутствия события в проекте. Если сотрудник спрашивает о неизвестной дате, уточнение предмета полезнее выдуманной даты. Учебная классификация не содержит фактической статистики таких обращений или времени их обработки.",T715,ложь
MSG7125,P007,COM725,2026-06-19T09:30:40,Проектный офис,Сопровождение,проектный чат,напоминание,доставлено,"В финальном уточнении от 19 июня уровни сохраняют разные действия: P1 останавливает учебный прогон с подключением ИБ, P2 удерживает ответ до исправления источника, P3 отмечает недостаточность сведений. Владелец сопровождения — Елена. Не добавляйте четвертый уровень, численные SLA или сведения о реально произошедших инцидентах из этой переписки.",T715,ложь
MSG7126,P007,COM726,2026-06-19T13:30:00,Проектный офис,Сопровождение,проектный чат,вопрос,доставлено,"Поступил пересказ «по P3 нужно немедленно остановить все работы». Это перенос действия P1 на другую ситуацию. Для пустой выдачи в P3 описано уточнение вопроса и фиксация недостаточности данных. Остановка учебного прогона связана с потенциальным раскрытием данных. Просьба исправлять предмет действия, а не только номер категории.",T715,ложь
MSG7127,P007,COM726,2026-06-19T13:30:10,Сопровождение,Проектный офис,проектный чат,ответ,доставлено,"Если ссылка не открывается, полезно уточнить, действительно ли речь о P2, а не о запросе без результатов. Предложенное действие — не отправлять неподтвержденный ответ и исправить источник. Это рабочая инструкция для обсуждаемого учебного процесса. Нет оснований заявлять, что такой дефект уже обнаружен в текущей системе и устранен.",T715,ложь
MSG7128,P007,COM726,2026-06-19T13:30:20,Проектный офис,Сопровождение,проектный чат,уточнение,доставлено,"Елена получила подтверждение чтения схемы и закрыла обсуждение формулировок. Закрытый тред не является протоколом обработки инцидента. Согласованная маршрутизация по T715 тоже не создает статистику P1, P2 или P3. Когда сотрудник спросит, сколько было утечек, эти сообщения не дают положительного числа и не доказывают ноль.",T715,ложь
MSG7129,P007,COM726,2026-06-19T13:30:30,Сопровождение,Проектный офис,проектный чат,ответ,доставлено,"В описании потенциального раскрытия не нужны примеры реальных персональных данных. Все случаи учебные. Для будущего ответа достаточно назвать риск, остановку учебного прогона и привлечение ИБ. Не следует раскрывать содержимое предположительно закрытого источника, чтобы объяснить маршрутизацию; предмет вопроса здесь — порядок реакции, а не данные источника.",T715,ложь
MSG7130,P007,COM726,2026-06-19T13:30:40,Проектный офис,Сопровождение,проектный чат,напоминание,доставлено,"Передаю различия в FAQ без превращения их в отчет: P1 относится к потенциальному раскрытию, P2 — к проблеме ссылки, P3 — к недостаточности найденного материала. Для каждого уровня сохранено собственное действие. Фактический инцидент этим перечнем не подтвержден, а продолжительность обработки и достигнутая надежность сопровождения еще не измерены.",T715,ложь
MSG7131,P007,COM727,2026-06-19T09:35:00,Проектный офис,Тестирование,проектный чат,вопрос,доставлено,"В плане проверки от 17 июня Денис Лебедев указан основным проверяющим. Проект двойной разметки охватывает двадцать процентов примеров, а не двадцать процентов правильных ответов. Это целевая доля повторной проверки. Фактическое количество уже размеченных примеров пока отсутствует, поэтому план нельзя пересказывать как готовую оценку качества.",T708,ложь
MSG7132,P007,COM727,2026-06-19T09:35:10,Тестирование,Проектный офис,проектный чат,ответ,доставлено,"Уточнение от 19 июня сохраняет ноль допустимых критических ошибок. Этот порог приемки не является наблюдаемым числом ошибок системы. Чтобы сообщить результат, нужны конкретные ответы и выполненная разметка. Нельзя подставлять ноль в отчет только потому, что такой предел записан в критериях будущей проверки.",T708,ложь
MSG7133,P007,COM727,2026-06-19T09:35:20,Проектный офис,Тестирование,проектный чат,уточнение,доставлено,"Если два проверяющих расходятся, владельцем разбора разногласий является Анна Волкова. Денис остается основным проверяющим. Это разделение ролей важно для ответа о том, кому передавать спорную оценку. Не нужно приписывать Анне фактическую проверку всего набора или Денису право автоматически утверждать допуск без отдельного решения.",T708,ложь
MSG7134,P007,COM727,2026-06-19T09:35:30,Тестирование,Проектный офис,проектный чат,ответ,доставлено,"Просьба хранить оценку существования ссылки отдельно от оценки того, подтверждает ли источник конкретную фразу ответа. Иначе формально корректные ссылки скроют содержательные ошибки. Обсуждается структура будущей ручной проверки, не итоговый процент точности. Пока actual_review_count отсутствует, число выполненных проверок не следует восстанавливать из плановой доли двадцать процентов.",T708,ложь
MSG7135,P007,COM727,2026-06-19T09:35:40,Проектный офис,Тестирование,проектный чат,напоминание,доставлено,"В итоговом плане двойная разметка обозначена как цель, нулевой допуск критических ошибок — как критерий, Денис и Анна — как разные ответственные роли. Ни один из этих пунктов не является результатом benchmark. Для приемки ограниченного пилота по-прежнему потребуется итоговый отчет качества и разрешение допуска.",T708,ложь
MSG7136,P007,COM728,2026-06-19T13:35:00,Проектный офис,Тестирование,проектный чат,вопрос,доставлено,"В черновом ответе ассистента «качество двадцать процентов» появилась ошибка единиц смысла. Двадцать процентов в переписке относятся к доле примеров для двойной проверки. Такой показатель не выражает ни долю правильных ответов, ни полноту поиска. Исправленный ответ должен назвать объект процента и сохранить статус планового показателя.",T708,ложь
MSG7137,P007,COM728,2026-06-19T13:35:10,Тестирование,Проектный офис,проектный чат,ответ,доставлено,"Если будущий набор содержит двадцать обращений, арифметическое применение целевой доли даст четыре примера для двойной разметки. Это условный расчет плана, а не подтверждение четырех выполненных оценок. Даже корректная арифметика не создает события проверки. Фактическое число размеченных ответов в текущих сведениях не заполнено.",T708,ложь
MSG7138,P007,COM728,2026-06-19T13:35:20,Проектный офис,Тестирование,проектный чат,уточнение,доставлено,"Анна может разбирать разногласия после появления двух оценок, но наличие этой роли не доказывает уже возникший спор. При вопросе о фактическом конфликте оценок нужно искать отдельную запись. План передачи спорного примера не позволяет придумывать количество расхождений, их причины либо дату окончательного решения по качеству.",T708,ложь
MSG7139,P007,COM728,2026-06-19T13:35:30,Тестирование,Проектный офис,проектный чат,ответ,доставлено,"Требование нуля критических ошибок особенно легко перепутать с результатом. Для вопроса «какой порог» можно назвать ноль; для вопроса «сколько нашли» требуется отчет проверки. Просьба включить эту пару вопросов в дальнейшую проверку ответов. Само ее включение остается подготовкой, а не свидетельством успешного прохождения теста.",T708,ложь
MSG7140,P007,COM728,2026-06-19T13:35:40,Проектный офис,Тестирование,проектный чат,напоминание,доставлено,"При закрытии переписки зафиксируем, что ручная оценка должна оставаться ручной: наличие источника не дает автоматической отметки правильности. Основной проверяющий Денис, разногласия передаются Анне, двойная разметка планируется для двадцати процентов. Все поля фактического результата заполняются по выполненной работе, а не копированием целевых порогов из плана.",T708,ложь
MSG7141,P007,COM729,2026-06-19T09:40:00,Проектный офис,Сопровождение,проектный чат,вопрос,доставлено,"В плане от 16 июня учебная встреча намечена на 24 июня и рассчитана на сорок пять минут. Елена Морозова отвечает за подготовку, планируется шесть участников. Это будущая встреча, а не сообщение о проведенном обучении. Дата задачи не должна появляться в ответе как фактическая дата занятия.",T710,ложь
MSG7142,P007,COM729,2026-06-19T09:40:10,Сопровождение,Проектный офис,проектный чат,ответ,доставлено,"В уточненной повестке пятнадцать минут выделены на работу с источниками, двадцать — на ответы при отсутствии сведений, десять — на вопросы участников. Суммарно это сорок пять минут. Такое распределение времени является планом занятия; оно не дает данных о реальной длительности выступлений, посещаемости или усвоении материала сотрудниками.",T710,ложь
MSG7143,P007,COM729,2026-06-19T09:40:20,Проектный офис,Сопровождение,проектный чат,уточнение,доставлено,"Для части об источниках Елена предлагает показывать различие между открывающейся ссылкой и ссылкой, подтверждающей утверждение. Это содержание будущего объяснения, не результат проверки знаний. Просьба не писать, что шесть сотрудников уже освоили эти правила. Плановое число участников и фактическое присутствие должны храниться отдельно.",T710,ложь
MSG7144,P007,COM729,2026-06-19T09:40:30,Сопровождение,Проектный офис,проектный чат,ответ,доставлено,"Блок ответов при недостатке сведений занимает двадцать минут, а не весь сорокапятиминутный семинар. На вопросы оставлено десять минут. Если в кратком сообщении указано только «двадцать», нужно назвать предмет этого времени. Иначе пользователь может принять длительность части повестки за количество обращений будущего пилота или долю двойной разметки.",T710,ложь
MSG7145,P007,COM729,2026-06-19T09:40:40,Проектный офис,Сопровождение,проектный чат,напоминание,доставлено,"На 19 июня встреча не проведена. Уточнение повестки не меняет этот статус и не разрешает запуск пилота. Для вопроса «когда планируется обучение» есть 24 июня; для вопроса «когда оно прошло» фактической даты нет. Елена остается владельцем подготовки, а список реально присутствовавших в сценарии отсутствует.",T710,ложь
MSG7146,P007,COM730,2026-06-19T13:40:00,Проектный офис,Сопровождение,проектный чат,вопрос,доставлено,"Полученное «принято» под приглашением подтверждает получение сообщения, но не явку. Шесть участников пока планируются. Даже если все приглашения будут доставлены, это не отчет об обучении. Просьба сохранять слова «план» и «предполагается» в ответах о встрече, пока отдельная запись не подтвердит ее проведение.",T710,ложь
MSG7147,P007,COM730,2026-06-19T13:40:10,Сопровождение,Проектный офис,проектный чат,ответ,доставлено,"Вопрос о длительности встречи и вопрос о времени восстановления индекса звучат похоже, но относятся к разным планам. Здесь сорок пять минут и дата 24 июня; там целевые тридцать минут восстановления. Не используйте техническую процедуру как источник для повестки обучения и не приписывайте мероприятию уже измеренную продолжительность.",T710,ложь
MSG7148,P007,COM730,2026-06-19T13:40:20,Проектный офис,Сопровождение,проектный чат,уточнение,доставлено,"Елена уточняет, что последние десять минут отведены вопросам слушателей, а не дополнительному тестированию агента. На встрече планируется объяснение порядка работы, однако фактической оценки качества приложения пока нет. Подготовленная повестка не заменяет отчет по поиску, проверку отказов или решение о допуске к пилоту.",T710,ложь
MSG7149,P007,COM730,2026-06-19T13:40:30,Сопровождение,Проектный офис,проектный чат,ответ,доставлено,"Для проверки будущего ответа пригодна пара запросов: «какая дата запланирована» и «подтверждено ли проведение». В первом ответе можно назвать 24 июня, во втором нужно сообщить отсутствие подтверждения. Эти вопросы не требуют придумывать новую дату, перенос встречи или причину отмены; ни одного такого события в переписке нет.",T710,ложь
MSG7150,P007,COM730,2026-06-19T13:40:40,Проектный офис,Сопровождение,проектный чат,напоминание,доставлено,"Итоговое уточнение сохраняет шесть плановых участников, сорок пять минут и разбивку пятнадцать, двадцать, десять. Слова о завершении подготовки повестки не означают завершение задачи провести обучение. Пока held остается отрицательным, в сводке нельзя ставить фактическое выполнение занятия, даже если обсуждение приглашения больше не требует ответа.",T710,ложь
MSG7151,P007,COM731,2026-06-19T09:45:00,Тестирование,Проектный офис,проектный чат,вопрос,доставлено,"В черновой оценке от 17 июня рассмотрены два варианта дополнительного тестирования: вариант A за сто восемьдесят тысяч рублей и вариант B за двести шестьдесят тысяч. Это альтернативы, а не две согласованные покупки. Выбор не сделан, утверждения нет. Просьба сохранить названия вариантов рядом с суммами.",T712,ложь
MSG7152,P007,COM731,2026-06-19T09:45:10,Проектный офис,Тестирование,проектный чат,ответ,доставлено,"Уточнение от 19 июня запрещает складывать сто восемьдесят и двести шестьдесят тысяч как обязательный расход. Эти оценки сравниваются между собой. Они не оплачены и не прибавляются автоматически к бюджету проекта. Сам факт обсуждения цены не означает появления договора, платежа либо принятого обязательства на соответствующую сумму.",T712,ложь
MSG7153,P007,COM731,2026-06-19T09:45:20,Тестирование,Проектный офис,проектный чат,уточнение,доставлено,"Запрос резерва на шестьсот тысяч рублей — отдельный предмет решения. Варианты тестирования не увеличивают его до суммы с добавлением A или B и не означают, что резерв уже выделен. При вопросе сотрудника нужно сначала определить, спрашивает ли он об альтернативных оценках или о запросе резерва, который еще ожидает решения.",T712,ложь
MSG7154,P007,COM731,2026-06-19T09:45:30,Проектный офис,Тестирование,проектный чат,ответ,доставлено,"Ответ на вопрос «какой вариант выбран» пока должен сохранять неопределенность: выбранного варианта нет. Можно привести обе черновые оценки, но нельзя назвать меньшую сумму утвержденной только потому, что она дешевле. Точно так же большая оценка не является фактическими затратами. Экономическое сравнение не заменяет решение уполномоченного сотрудника.",T712,ложь
MSG7155,P007,COM731,2026-06-19T09:45:40,Тестирование,Проектный офис,проектный чат,напоминание,доставлено,"В итоговом уточнении закрепляем четыре отрицания: варианты не складываются, не оплачены, не утверждены и не добавлены к бюджету или резерву. Эти ограничения нужны рядом с числами, иначе короткий ответ создает ложное финансовое событие. Переписка описывает подготовку выбора, а не состоявшееся финансирование дополнительного тестирования.",T712,ложь
MSG7156,P007,COM732,2026-06-19T13:45:00,Тестирование,Проектный офис,проектный чат,вопрос,доставлено,"На карточке появилась сумма четыреста сорок тысяч как «объем тестирования». Это арифметическая сумма двух альтернатив, которая не описывает согласованный расход. Исправляю смысл: A оценивается в сто восемьдесят тысяч, B — в двести шестьдесят тысяч; выбор отсутствует. Полученный расчет сам по себе не образует нового бюджета.",T712,ложь
MSG7157,P007,COM732,2026-06-19T13:45:10,Проектный офис,Тестирование,проектный чат,ответ,доставлено,"Слово «принято» в ответе на письмо с ценами означает, что адресат получил информацию. В нем нет выбора варианта и разрешения оплаты. Для T712 требуется отдельное решение по резерву. Нельзя использовать закрытое обсуждение альтернатив как подтверждение утверждения шестисот тысяч или как основание изменить фактические расходы проекта.",T712,ложь
MSG7158,P007,COM732,2026-06-19T13:45:20,Тестирование,Проектный офис,проектный чат,уточнение,доставлено,"Если сотрудник спрашивает о разнице оценок, ее можно вычислить как восемьдесят тысяч рублей. Но такой расчет сравнивает черновые варианты и не является экономией, уже полученной проектом. В ответе следует сохранить отсутствие выбора и оплаты. Иначе корректная арифметика будет сопровождаться неподтвержденным выводом о достигнутом финансовом результате.",T712,ложь
MSG7159,P007,COM732,2026-06-19T13:45:30,Проектный офис,Тестирование,проектный чат,ответ,доставлено,"Для будущей проверки нужны разные запросы: стоимость A, стоимость B, выбранный вариант и статус резерва. Одного найденного числа недостаточно для всех четырех ответов. Особенно важно не выдавать двести шестьдесят тысяч за размер резерва и не объявлять сто восемьдесят тысяч фактически выплаченными средствами на основании черновой оценки.",T712,ложь
MSG7160,P007,COM732,2026-06-19T13:45:40,Тестирование,Проектный офис,проектный чат,напоминание,доставлено,"Передаю итог без новых финансовых утверждений: две альтернативы остаются предметом обсуждения, резерв остается отдельным запросом, оснований для платежа в переписке нет. Промежуточное согласие с методикой сравнения не равнозначно утверждению суммы. Если вопрос требует даты оплаты или номера решения, таких подтвержденных сведений здесь не найдено.",T712,ложь
MSG7161,P007,COM733,2026-06-19T09:50:00,Проектный офис,Тестирование,проектный чат,вопрос,доставлено,"В проекте контракта ответа от 17 июня разделены две проверки: существует ли источник и подтверждает ли он конкретное утверждение. Первая техническая проверка полезна, но не заменяет вторую содержательную. Нельзя записывать ответ как правильный только потому, что ссылка открывается; источник может говорить о другом событии или только о плане.",T707,ложь
MSG7162,P007,COM733,2026-06-19T09:50:10,Тестирование,Проектный офис,проектный чат,ответ,доставлено,"Уточнение от 19 июня отдельно запрещает подменять фактическую дату плановым сроком. Если задача назначена на будущий день, этот день не доказывает ее завершение. Для ответа «когда выполнили» нужна запись о фактическом событии. При ее отсутствии следует сообщить недостаточность сведений, сохранив плановую дату только как план.",T707,ложь
MSG7163,P007,COM733,2026-06-19T09:50:20,Проектный офис,Тестирование,проектный чат,уточнение,доставлено,"Завершенная реализация проверки существования ссылок по T707 не означает завершенную проверку качества всех ответов. Код может убедиться в наличии идентификатора, но содержательная связь фразы с документом требует отдельной оценки. В текущем обсуждении measured_correctness отсутствует. Не превращайте готовность технического компонента в процент правильных ответов всего помощника.",T707,ложь
MSG7164,P007,COM733,2026-06-19T09:50:30,Тестирование,Проектный офис,проектный чат,ответ,доставлено,"Для утверждения «матрица утверждена» недостаточно ссылки на проект матрицы. Такой источник подтверждает подготовку проекта, а не управленческое решение. В проверке нужно сопоставлять конкретное сказуемое ответа и содержание источника. Этот пример показывает различие между релевантностью и подтверждением, не сообщая о новом утверждении документа или допуске пилота.",T707,ложь
MSG7165,P007,COM733,2026-06-19T09:50:40,Проектный офис,Тестирование,проектный чат,напоминание,доставлено,"Итог контракта формулируем так: ссылка должна существовать, относиться к вопросу и подтверждать сказанное без подмены статуса или времени. Это требование к будущей оценке, а не результат автоматической проверки всех примеров. Отдельной измеренной правильности пока нет; поле результата нельзя заполнять на основании одного лишь наличия ссылок.",T707,ложь
MSG7166,P007,COM734,2026-06-19T13:50:00,Проектный офис,Тестирование,проектный чат,вопрос,доставлено,"Полученный ответ содержит ссылку на будущую приемку и фразу «пилот принят». Адрес может быть действительным, но такое утверждение не следует из планового срока. В учебном разборе следует отметить именно подмену будущего события фактическим. Не нужно объявлять найденную ссылку несуществующей, когда ошибка находится в интерпретации ее содержания.",T707,ложь
MSG7167,P007,COM734,2026-06-19T13:50:10,Тестирование,Проектный офис,проектный чат,ответ,доставлено,"Если в документе написано «предлагается тридцать дней», сокращение до «установлено тридцать дней» меняет смысл. Сотрудник должен проверить модальность утверждения, даже когда число и источник совпадают. Наличие правильной цифры не делает весь ответ правильным. В нашем сценарии нельзя выводить утверждение режима хранения из факта подготовки его проекта.",T707,ложь
MSG7168,P007,COM734,2026-06-19T13:50:20,Проектный офис,Тестирование,проектный чат,уточнение,доставлено,"Контракт ответа помогает разделить отказ и неполный ответ. Когда фактическая дата не подтверждена, полезно назвать отсутствие основания и при необходимости отдельно привести план. Выдуманная дата хуже явного ограничения. При этом наличие такого правила в переписке еще не доказывает, что агент уже корректно выполняет его на каждом вопросе.",T707,ложь
MSG7169,P007,COM734,2026-06-19T13:50:30,Тестирование,Проектный офис,проектный чат,ответ,доставлено,"Денис просит сохранять отрицания рядом с ключевыми фактами: «не утверждено», «не измерено», «не проведено». Удаление короткого отрицания при пересказе может перевернуть вывод, оставив ту же ссылку и почти те же слова. Для будущей ручной оценки это отдельная проверка содержания, а не повод автоматически выставить всем ответам низкую или высокую точность.",T707,ложь
MSG7170,P007,COM734,2026-06-19T13:50:40,Проектный офис,Тестирование,проектный чат,напоминание,доставлено,"Перед закрытием обсуждения различаем три состояния: техническая проверка наличия ссылки реализована, контракт содержательной проверки уточнен, измеренная правильность ответов не установлена. Ни одно из этих состояний не заменяет другое. В отчет нельзя переносить слово «готово» из T707 на весь контур качества, приемку пилота или промышленный запуск.",T707,ложь
MSG7171,P007,COM735,2026-06-19T09:55:00,Тестирование,Проектный офис,проектный чат,вопрос,доставлено,"В проекте протокола переписки от 16 июня нужно разобрать слово «принято». Оно может означать получение сообщения, не утверждение содержания. Для решения требуется явный предмет согласования и уполномоченный сотрудник. Короткое подтверждение чтения нельзя использовать как универсальное основание менять статусы задач, суммы бюджета или разрешения на пилот.",T705,ложь
MSG7172,P007,COM735,2026-06-19T09:55:10,Проектный офис,Тестирование,проектный чат,ответ,доставлено,"Уточнение от 19 июня: закрытый тред означает завершение переписки, а не выполнение связанной задачи. Если коллега ответил на вопрос и обсуждать больше нечего, это не доказывает завершение технической работы. В сводке должны оставаться отдельными состояние коммуникации и состояние поручения, даже если они показываются рядом.",T705,ложь
MSG7173,P007,COM735,2026-06-19T09:55:20,Тестирование,Проектный офис,проектный чат,уточнение,доставлено,"Пример с T712: сообщение «принято» не утверждает резерв на шестьсот тысяч рублей. Оно подтверждает получение обращения по вопросу решения. До явного основания нельзя писать, что деньги выделены, заявка согласована или платеж состоялся. Предмет финансового решения нельзя восстановить из одного слова либо из закрытого состояния треда.",T705,ложь
MSG7174,P007,COM735,2026-06-19T09:55:30,Проектный офис,Тестирование,проектный чат,ответ,доставлено,"Пример с T705: полученный ответ по проекту матрицы не является утверждением самой матрицы. Подготовка проекта может быть завершена, а допуск оставаться заблокированным. Поэтому статус коммуникации «получен ответ» не следует превращать в разрешение пользователям работать с закрытыми источниками или начинать пилот до завершения необходимых условий.",T705,ложь
MSG7175,P007,COM735,2026-06-19T09:55:40,Тестирование,Проектный офис,проектный чат,напоминание,доставлено,"В итоговой редакции протокола оставляем явное разграничение: получение сообщения, согласование текста, управленческое утверждение и выполнение работы — разные события. Для каждого требуется собственное подтверждение. Эта переписка уточняет правило интерпретации, но сама не утверждает резерв, матрицу доступа или промышленный запуск и не меняет фактическое выполнение поручений.",T705,ложь
MSG7176,P007,COM736,2026-06-19T13:55:00,Тестирование,Проектный офис,проектный чат,вопрос,доставлено,"В демонстрационной сводке рядом стоят «тред закрыт» и «задача в работе». Это не обязательно противоречие. Коммуникационный вопрос мог получить ответ, пока технический результат еще ожидается. Просьба не исправлять данные автоматической заменой статуса задачи на готово; сначала нужно найти явную запись о выполнении соответствующей работы.",T705,ложь
MSG7177,P007,COM736,2026-06-19T13:55:10,Проектный офис,Тестирование,проектный чат,ответ,доставлено,"Если сотрудник спрашивает, кто утвердил резерв, поиск слова «принято» недостаточен. В источнике должно быть именно решение по резерву, а не реакция на письмо с описанием запроса. При отсутствии такого решения ответу следует признать недостаточность сведений. Придумывать фамилию согласовавшего по имени получателя сообщения нельзя.",T705,ложь
MSG7178,P007,COM736,2026-06-19T13:55:20,Тестирование,Проектный офис,проектный чат,уточнение,доставлено,"Получение проекта матрицы и готовность его текста могут подтверждаться разными сообщениями, но ни одно не заменяет решения о допуске. В разборе полезно назвать T705 как подготовку проекта, а T702 как отдельное утверждение и допуск. Сходная терминология в двух задачах не дает основания объединить их результаты.",T705,ложь
MSG7179,P007,COM736,2026-06-19T13:55:30,Проектный офис,Тестирование,проектный чат,ответ,доставлено,"Короткий ответ «согласен с формулировкой» может завершить редакционное обсуждение. Он не обязательно относится к выполнению работ или выделению средств. Для проверки будущих ответов сохраняем окружающий контекст сообщения и предмет согласия. Вырванное из треда слово повышает риск приписать человеку решение, которого он не принимал.",T705,ложь
MSG7180,P007,COM736,2026-06-19T13:55:40,Тестирование,Проектный офис,проектный чат,напоминание,доставлено,"Закрывая уточнение, не закрываем связанные поручения автоматически. Правило чтения переписки должно помогать сотруднику отличать подтвержденный факт от удобного предположения. Если явного решения нет, это ограничение остается в ответе. Полученный ответ и завершенный тред могут быть полезными фактами о коммуникации, но не доказательством готовности матрицы, резерва или пилота.",T705,ложь
MSG7181,P007,COM737,2026-06-19T16:10:00,Проектный офис,Инженерия данных,проектный чат,вопрос,доставлено,"Анна: в уточнении описи указаны 27 содержательных карточек. Прошу объяснить, почему это число не совпадает с шестью листами первоначальной заявки. Нужна связь между составом книг и выбранными карточками, чтобы не смешать разные единицы учета.",T703,ложь
MSG7182,P007,COM737,2026-06-19T16:15:00,Инженерия данных,Проектный офис,проектный чат,ответ,доставлено,"Игорь: шесть листов распределены между тремя вымышленными книгами. Для обсуждения выбраны 12 карточек «Поставок», восемь «Согласований» и семь «Архива». Сводные строки, справочник и примечание о переносе исключены из этого количества, причины сохраняем в кабинетной описи.",T703,ложь
MSG7183,P007,COM737,2026-06-19T16:20:00,Проектный офис,Инженерия данных,проектный чат,уточнение,доставлено,Анна: принимаю объяснение состава как материал разбора. Число 27 не меняет будущий набор из 20 обращений и не означает начала пилота. Вопрос о пустых полях остается открытым; получение уточнения не является окончательным разрешением на импорт.,T703,ложь
MSG7184,P007,COM738,2026-06-19T16:30:00,Сопровождение,Инженерия данных,проектный чат,вопрос,доставлено,Елена: по первым двум строкам «Расходных образцов» теперь можно назвать количество в штуках. Прошу сохранить основание пересчета упаковок и отдельно пояснить третью строку с числом 5. Пользователь может ошибочно принять частичный итог за полный.,T703,ложь
MSG7185,P007,COM738,2026-06-19T16:35:00,Инженерия данных,Сопровождение,проектный чат,ответ,доставлено,"Игорь: одна упаковка второй строки содержит шесть штук, две упаковки дают 12 штук. Вместе с первой строкой это 24 штуки. Единица третьей строки по состоянию на 19 июня не задана, поэтому общего итога трех строк нет.",T703,ложь
MSG7186,P007,COM738,2026-06-19T16:40:00,Сопровождение,Инженерия данных,проектный чат,уточнение,доставлено,"Елена: в ответе назовем 24 штуки только частичным итогом и укажем недостающую единицу третьей строки. Уточнение предложено запросить к 22 июня, ответа пока нет. Эти вымышленные образцы не являются поставкой или финансовыми расходами проекта.",T703,ложь
MSG7187,P007,COM739,2026-06-19T17:10:00,Информационная безопасность,AI-разработка,проектный чат,вопрос,доставлено,"Марина: в кабинетном вопросе требуется число страниц южного «приложение.pdf». Ссылка с одним именем файла допускает путаницу с северным экземпляром. Прошу уточнить, какое происхождение должна показывать подпись и можно ли объединять источники по одинаковому тексту.",T706,ложь
MSG7188,P007,COM739,2026-06-19T17:15:00,AI-разработка,Информационная безопасность,проектный чат,ответ,доставлено,"Павел: для южного пакета заданы четыре страницы, для северного две. Предлагаю указывать пакет вместе с именем вложения. Поздняя схема сравнения учитывает document_id, version и SHA-256 нормализованного текста; одинаковые тексты разных документов не объединяем в один источник.",T706,ложь
MSG7189,P007,COM739,2026-06-19T17:20:00,Информационная безопасность,AI-разработка,проектный чат,уточнение,доставлено,"Марина: сохраняем это как предложение проверки цитаты, а не результат качества поиска. В ответе о южном пакете северная ссылка недостаточна. Если пакет в вопросе не назван, сотрудник уточняет его или показывает оба варианта с происхождением.",T706,ложь
MSG7190,P007,COM740,2026-06-19T17:30:00,Тестирование,Проектный офис,проектный чат,ответ,доставлено,"Денис: новая кабинетная раскладка пакета К содержит десять строк, но только девять уникальных кодов. K08 встречается дважды, K10 отсутствует. Равенство общего числа строк ожидаемому не подтверждает полноту, поэтому предлагаю сохранить отметку неполного материала до уточнения.",T714,ложь
MSG7191,P007,COM740,2026-06-19T17:35:00,Проектный офис,Тестирование,проектный чат,уточнение,доставлено,"Анна: разрешения вернуть пакеты К и Л в содержательную выборку нет. Для Л по-прежнему отсутствует продолжение оборванной четвертой строки. Повторный просмотр 22 июня остается предложенным сроком, его нельзя описывать как выполненное восстановление или снятие карантина.",T714,ложь
MSG7192,P007,COM740,2026-06-19T17:40:00,Тестирование,Проектный офис,проектный чат,ответ,доставлено,"Денис: отмечу в карточке отдельно повтор K08 и отсутствие K10, сохранив прежнюю раскладку для истории. Этот ручной пример не проверяет реализованный карантин. Цели RPO 24 часа и RTO 30 минут не становятся измеренными результатами восстановления.",T714,ложь
MSG7193,P007,COM741,2026-06-19T16:00:00,Проектный офис,Сопровождение,проектный чат,вопрос,доставлено,"Анна: уточните, пожалуйста, не превратила ли поздняя записка о подписи карточки готовность к разбору в автоматический прием. Для локального примера важно сохранить решение по ВХ-31 и отдельно показать, какие реквизиты поступили в дополнении.",T715,ложь
MSG7194,P007,COM741,2026-06-19T16:10:00,Сопровождение,Проектный офис,проектный чат,ответ,доставлено,"Елена: по дополнению Д-31 получены дата среза 17 июня и запрос краткой справки. Карточка готова к разбору, но предложение назвать ее принятой автоматически не согласовано. Готового утвержденного ответа эта запись не подтверждает.",T715,ложь
MSG7195,P007,COM741,2026-06-19T16:20:00,Проектный офис,Сопровождение,проектный чат,уточнение,доставлено,"Анна: принято как пояснение статуса. Сохраняем первоначальные пропуски и дополнение отдельными документами, чтобы вопрос на раннюю дату не получил поздние сведения. Это локальная синтетическая история приема; реальный автоматический процесс перепиской не внедряется и ответы остаются за сотрудником.",T715,ложь
MSG7196,P007,COM742,2026-06-19T16:30:00,Сопровождение,Проектный офис,проектный чат,вопрос,доставлено,"Елена: заголовок статьи о дате вопроса согласован, но в рецензии остается открытое пояснение о ручном утверждении. Подтвердите, что запрос учебного размещения по-прежнему ожидает решения и согласованное название не дает права считать текст опубликованным.",T709,ложь
MSG7197,P007,COM742,2026-06-19T16:40:00,Проектный офис,Сопровождение,проектный чат,ответ,доставлено,"Анна: подтверждаю границы ЗГ-35. Решение касается только заголовка, содержание и размещение им не утверждены. Два замечания уже исправлены по описи, третье остается открытым. По состоянию на сегодня статья не опубликована даже в запрошенной локальной учебной подборке.",T709,ложь
MSG7198,P007,COM742,2026-06-19T16:50:00,Сопровождение,Проектный офис,проектный чат,уточнение,доставлено,"Елена: отмечу это рядом с макетом и сохраню запрос размещения отдельным документом. Последняя дата письма не заменяет рецензию, а ответ о получении не закрывает ее замечание. Промышленная публикация этой перепиской не запрашивается и не разрешается.",T709,ложь
MSG7199,P007,COM743,2026-06-19T17:00:00,Сопровождение,Тестирование,проектный чат,вопрос,доставлено,"Елена: в повторном просмотре раздатки закрыто замечание о цвете. Нужна точная формулировка результата для будущего семинара: что именно сравнивалось и можно ли на основании листа заявлять, что файл проверен экранным диктором либо полностью доступен?",T710,ложь
MSG7200,P007,COM743,2026-06-19T17:10:00,Тестирование,Сопровождение,проектный чат,ответ,доставлено,Денис: сравнил прежний проблемный блок с исправленным бумажным эскизом и подтвердил метку «нужен источник». Проверку экранным диктором не проводил. Это узкая настольная сверка одного замечания; результат не распространяется на всю раздатку и не подтверждает испытания с участниками.,T710,ложь
MSG7201,P007,COM743,2026-06-19T17:20:00,Сопровождение,Тестирование,проектный чат,уточнение,доставлено,"Елена: учту ограничение при сборке материалов. По заданию остаются план шести комплектов и отдельный лист упражнений; печать и выдача не подтверждены. Семинар 24 июня на шесть участников и 45 минут еще не проведен, посещаемость из этих листов не следует.",T710,ложь
MSG7202,P007,COM744,2026-06-19T17:30:00,Проектный офис,Сопровождение,проектный чат,вопрос,доставлено,Анна: проверьте календарное окно после выбора АЛ-37 для планирования описи. Старый трехчасовой запрос относится к отклоненному варианту. Прошу в учебной таблице сохранить основание изменения и явно отделить полтора часа будущего времени от разрешения расходовать деньги.,T712,ложь
MSG7203,P007,COM744,2026-06-19T17:40:00,Сопровождение,Проектный офис,проектный чат,ответ,доставлено,"Елена: по БР-37 условное окно теперь 22 июня с 10:00 до 11:30, прежняя трехчасовая запись снята. Изменение опирается на РТ-37. Новая запись остается условной, не подтверждает выполнение работы и не является оплатой оценки 3750 рублей.",T712,ложь
MSG7204,P007,COM744,2026-06-19T17:50:00,Проектный офис,Сопровождение,проектный чат,уточнение,доставлено,Анна: принято как уточнение плана. Финансовая сверка сохраняет бюджет 2400000 и фактические затраты 800000 рублей; оценку к затратам не прибавляем. Резерв 600000 остается запрошенным и неутвержденным. Выбор способа подготовки описи не создает нового денежного разрешения.,T712,ложь
MSG7205,P007,COM745,2026-06-19T16:10:00,Тестирование,Инженерия данных,проектный чат,вопрос,доставлено,"Денис: для бумажного макета длительности предлагаю обсудить цитату числа 45. Достаточно ли одной ячейки, если сотрудник не видит заголовок «минуты» и пометку о плане? Это вопрос о доказательстве тезиса, а не сообщение об ошибке приложения.",T707,ложь
MSG7206,P007,COM745,2026-06-19T16:15:00,Инженерия данных,Тестирование,проектный чат,ответ,доставлено,Игорь: в макете QLT-402/16 строку нужно читать вместе с заголовком единицы измерения. Иначе число может обозначать другой показатель. Пометка «план» тоже сохраняется; существование ссылки отдельно от этого ещё не подтверждает смысл цитируемой длительности.,T707,ложь
MSG7207,P007,COM745,2026-06-19T16:20:00,Тестирование,Инженерия данных,проектный чат,уточнение,доставлено,"Денис: внесу различие в будущий ручной разбор. Задача проверки существования ссылок и достаточность цитаты решают разные вопросы. Из нашего обсуждения нельзя получить результат оценки модели или утверждение, что программа автоматически проверяет единицы измерения.",T707,ложь
MSG7208,P007,COM746,2026-06-19T16:30:00,AI-разработка,Тестирование,проектный чат,вопрос,доставлено,Павел: уточним происхождение фразы «резерв согласован» в карточке QLT-406/18. Нужно ли считать её ошибкой ответа модели? В будущей разметке важно отделить рукописный пример для обсуждения рубрики от наблюдения выполненного прогона по корпусу.,T708,ложь
MSG7209,P007,COM746,2026-06-19T16:35:00,Тестирование,AI-разработка,проектный чат,ответ,доставлено,"Денис: фразу вручную составили для настольного разбора, это не ответ LLM. Замечание относится к неподтверждённому утверждению в вымышленном образце. Запрос резерва 600 тысяч рублей остаётся неутверждённым; карточка не меняет этот статус проекта.",T708,ложь
MSG7210,P007,COM746,2026-06-19T16:40:00,AI-разработка,Тестирование,проектный чат,уточнение,доставлено,"Павел: сохраняем явную отметку происхождения рядом с образцом. Его нельзя включать в число ошибочных ответов модели или использовать для расчёта точности. Рубрика помогает готовить оценку, но фактического результата QA из такого обсуждения не возникает.",T708,ложь
MSG7211,P007,COM747,2026-06-19T17:10:00,Информационная безопасность,Проектный офис,проектный чат,вопрос,доставлено,"Марина: бумажная схема QLT-404/19-Б распределяет спор о роли и подготовку ограничения. Прошу уточнить, можно ли считать сам разбор свидетельством готовности доступа к приёмке? Журналов приложения или результатов проверки закрытой карточки в схеме нет.",T711,ложь
MSG7212,P007,COM747,2026-06-19T17:15:00,Проектный офис,Информационная безопасность,проектный чат,ответ,доставлено,"Анна: нет, я рассматриваю спор о назначении роли, а Марина готовит предложение по ограничению. Это распределение ответственности для упражнения. Матрица остаётся неутверждённой, успешные тесты доступа не подтверждены; настольное обсуждение не даёт допуска к пилоту.",T711,ложь
MSG7213,P007,COM747,2026-06-19T17:20:00,Информационная безопасность,Проектный офис,проектный чат,уточнение,доставлено,"Марина: оставляем в схеме статус предложения. Для будущей проверки отдельно понадобятся согласованная роль, допустимый набор источников и наблюдаемый результат. Техническое обновление индекса само по себе не разрешает читать закрытый текст и не доказывает работающий ACL.",T711,ложь
MSG7214,P007,COM748,2026-06-19T17:30:00,Сопровождение,Проектный офис,проектный чат,вопрос,доставлено,"Елена: в будущем показе ведущий может прекратить ожидание незавершённого ответа. Нужно развести это с технической отменой запроса и решением об отмене мероприятия. Памятка QLT-407/19 описывает настольную ситуацию, но не подтверждает функцию отмены в приложении.",T716,ложь
MSG7215,P007,COM748,2026-06-19T17:35:00,Проектный офис,Сопровождение,проектный чат,ответ,доставлено,"Анна: решение об отмене учебного показа предлагается передавать мне, если ограничения невозможно безопасно объяснить. Прекращение ожидания не доказывает остановку вычисления у провайдера. Состоявшейся отмены или новой даты в письме нет; условия допуска к пилоту сохраняются.",T716,ложь
MSG7216,P007,COM748,2026-06-19T17:40:00,Сопровождение,Проектный офис,проектный чат,уточнение,доставлено,"Елена: при условной недоступности провайдера предложен ручной разбор синтетических источников с явным обозначением формата. Подготовленный текст нельзя выдавать за живой ответ модели. Это материал будущей репетиции, а не сообщение о реальном сбое или проведённом семинаре.",T716,ложь
