идентификатор,идентификатор_проекта,идентификатор_задачи,идентификатор_автора,автор,время_создания,канал,текст,количество_упоминаний,система_источник
TC7001,P007,T701,R007-DEMO,Анна Волкова,2026-06-17T11:00:00,трекер,Анна: по T701 маскирование ещё не завершено. Проверку выполняет Игорь; мой срок поручения — 22 июня.,0,Синтетический трекер
TC7002,P007,T701,R007-DEMO,Анна Волкова,2026-06-18T14:00:00,трекер,После стенда 18 июня остались два исключения: обработаны 16 из 18 вымышленных строк. Требуется исправление и проверка; пилот не начат.,0,Синтетический трекер
TC7003,P007,T702,R007-DEMO,Анна Волкова,2026-06-17T11:00:00,трекер,"Проект матрицы подготовлен Мариной 17 июня, но утверждения нет. Согласование допуска T702 остаётся отдельной задачей.",0,Синтетический трекер
TC7004,P007,T702,R007-DEMO,Анна Волкова,2026-06-18T14:00:00,трекер,Допуск заблокирован незавершённым маскированием и неутверждённой матрицей. Плановый срок 23 июня не разрешает начать пилот.,0,Синтетический трекер
TC7005,P007,T703,R702,Игорь Смирнов,2026-06-17T11:00:00,трекер,Реестр по T703 составлен 16 июня. Для источников указаны происхождение и версия; тестовые вопросы учитываются отдельно.,0,Синтетический трекер
TC7006,P007,T703,R702,Игорь Смирнов,2026-06-18T14:00:00,трекер,Новые результаты стендовой проверки нужно связать с исходными шаблонами. Не следует считать их измерением качества QA-приложения.,0,Синтетический трекер
TC7007,P007,T704,R702,Игорь Смирнов,2026-06-17T11:00:00,трекер,Офлайн проверку шаблонов планируем на 18 июня. До прогона число исключений и обработанных строк неизвестно.,0,Синтетический трекер
TC7008,P007,T704,R702,Игорь Смирнов,2026-06-18T14:00:00,трекер,"В сегодняшнем стенде 18 строк: 16 обработаны, два исключения не закрыты. По T704 исправление и повторная проверка запланированы к 20 июня.",0,Синтетический трекер
TC7009,P007,T705,R703,Марина Соколова,2026-06-17T11:00:00,трекер,"Проект матрицы T705 подготовлен сегодня, 17 июня. Разделены подготовка черновика, проверка ссылки и утверждение сотрудником.",0,Синтетический трекер
TC7010,P007,T705,R703,Марина Соколова,2026-06-18T14:00:00,трекер,"Задача подготовки завершена, но матрица остаётся неутверждённым проектом. Передача на согласование не равна выдаче доступа.",0,Синтетический трекер
TC7011,P007,T706,R704,Павел Орлов,2026-06-17T11:00:00,трекер,"Для T706 предлагается цель Recall@8 не ниже 0,85. Нужно сохранить разметку релевантности и версию корпуса; итогового результата ещё нет.",0,Синтетический трекер
TC7012,P007,T706,R704,Павел Орлов,2026-06-18T14:00:00,трекер,"Добавляю вопросы о резерве и условиях пилота. Отчёт качества остаётся в работе, плановый срок — 21 июня.",0,Синтетический трекер
TC7013,P007,T707,R704,Павел Орлов,2026-06-17T11:00:00,трекер,"T707 в работе: проверка должна отклонять ID, отсутствующий среди полученных источников. Смысл утверждения требуется проверять отдельно.",0,Синтетический трекер
TC7014,P007,T707,R704,Павел Орлов,2026-06-18T14:00:00,трекер,"Реализация проверки существования ссылок завершена 18 июня в сценарии. Это не доказательство, что каждый ответ верно интерпретирует источник.",0,Синтетический трекер
TC7015,P007,T708,R706,Денис Лебедев,2026-06-17T11:00:00,трекер,"По T708 нужны вопросы с недостаточным подтверждением: промышленный запуск, измеренный эффект и утверждение резерва.",0,Синтетический трекер
TC7016,P007,T708,R706,Денис Лебедев,2026-06-18T14:00:00,трекер,"Различаю несуществующий источник и существующий источник, который не подтверждает тезис. Проверка не завершена, срок плана — 20 июня.",0,Синтетический трекер
TC7017,P007,T709,R705,Елена Морозова,2026-06-17T11:00:00,трекер,"FAQ должен объяснить, что сотрудник утверждает каждый ответ. Наличие черновика не означает разрешения на его отправку.",0,Синтетический трекер
TC7018,P007,T709,R705,Елена Морозова,2026-06-18T14:00:00,трекер,Добавлена тема целевого первого ответа за один рабочий день. Фактическое соблюдение не измерено; FAQ ещё согласуется до 21 июня.,0,Синтетический трекер
TC7019,P007,T710,R705,Елена Морозова,2026-06-17T11:00:00,трекер,"Обучение T710 планируется на 24 июня. Нужны упражнения по проверке даты, источника и статуса решения.",0,Синтетический трекер
TC7020,P007,T710,R705,Елена Морозова,2026-06-18T14:00:00,трекер,"В учебный план добавляем возврат неподтверждённого ответа на проверку. Занятие ещё не проведено, задача остаётся новой.",0,Синтетический трекер
TC7021,P007,T711,R706,Денис Лебедев,2026-06-17T11:00:00,трекер,"Приёмку T711 планируем на 25 июня, после допуска и отчёта качества. Само наличие 20 синтетических обращений не означает готовность.",0,Синтетический трекер
TC7022,P007,T711,R706,Денис Лебедев,2026-06-18T14:00:00,трекер,"После проверки маскирования остались два исключения; допуска и итогового отчёта нет. Приёмка заблокирована, пилот не начат.",0,Синтетический трекер
TC7023,P007,T712,R007-DEMO,Анна Волкова,2026-06-17T11:00:00,трекер,Подготавливаю финансовый вопрос о дополнительной проверке маскирования и доступа. Обсуждение потребности не утверждает бюджет.,0,Синтетический трекер
TC7024,P007,T712,R007-DEMO,Анна Волкова,2026-06-18T14:00:00,трекер,"Резерв 600 000 рублей запрошен, не утверждён. План — 2 400 000 рублей, фактические затраты — 800 000; решение по T712 ожидается к 23 июня.",0,Синтетический трекер
TC7025,P007,T713,R703,Марина Соколова,2026-06-17T11:00:00,трекер,По T713 готовлю предложение о сроке хранения журналов. До готовности документа срок нельзя объявлять действующим правилом.,0,Синтетический трекер
TC7026,P007,T713,R703,Марина Соколова,2026-06-18T14:00:00,трекер,"Проект на 30 дней подготовлен 18 июня. Подготовка завершена, но срок хранения не утверждён и не стал политикой.",0,Синтетический трекер
TC7027,P007,T714,R704,Павел Орлов,2026-06-17T11:00:00,трекер,"T714 в работе: для восстановления индекса потребуется сопоставление исходных документов, версий и числа записей.",0,Синтетический трекер
TC7028,P007,T714,R704,Павел Орлов,2026-06-18T14:00:00,трекер,План проверки восстановления — 22 июня. Подтверждённого результата пока нет; существование текущего индекса не доказывает восстановимость.,0,Синтетический трекер
TC7029,P007,T715,R705,Елена Морозова,2026-06-17T11:00:00,трекер,"По T715 согласуем, кому передавать вопросы о данных, доступе и неподтверждённых ссылках. Это отдельная работа от согласования FAQ.",0,Синтетический трекер
TC7030,P007,T715,R705,Елена Морозова,2026-06-18T14:00:00,трекер,"Маршрутизация согласована 18 июня: данные — Игорю, доступ — Марине, поиск и ссылки — Павлу, координация — Анне. FAQ ещё в работе.",0,Синтетический трекер
TC7031,P007,T716,R007-DEMO,Анна Волкова,2026-06-17T11:00:00,трекер,T716 предусматривает отдельные критерии промышленного запуска. Предложение о дате пилота не заменяет подписанное решение.,0,Синтетический трекер
TC7032,P007,T716,R007-DEMO,Анна Волкова,2026-06-18T14:00:00,трекер,Подписанного решения о промышленном запуске нет. Критерии планируем зафиксировать к 26 июня; будущий срок не означает запуска.,0,Синтетический трекер
TC7033,P007,T701,R007-DEMO,Анна Волкова,2026-06-19T15:00:00,трекер,"Анна: маскирование по T701 остается незавершенным. Шестнадцать обработанных строк относятся к стенду из восемнадцати вымышленных строк, а не к ответам пилота. Отдельно нужны исправления Игоря и приемка; срок поручения 22 июня не является датой фактического завершения.",0,Синтетический трекер
TC7034,P007,T701,R702,Игорь Смирнов,2026-06-19T16:00:00,трекер,"Игорь: адреса исключений разделены: M-017 относится к attachments.comment, M-018 — к message.note. Нельзя объединить их по слову «текст». Техническое исправление выполняю я, приемку ведет Анна; наличие перечня дефектов не означает, что оба уже закрыты.",0,Синтетический трекер
TC7035,P007,T701,R007-DEMO,Анна Волкова,2026-06-19T17:00:00,трекер,Анна: при ответе о допуске недостаточно сослаться только на маскирование. Матрица доступа требует отдельного утверждения. Даже будущая успешная обработка всех строк сама по себе не разрешит пилот; в текущих сведениях оба исключения пока остаются открытыми.,0,Синтетический трекер
TC7036,P007,T702,R703,Марина Соколова,2026-06-19T15:03:00,трекер,"Марина: T702 касается утверждения матрицы и допуска, а T705 — подготовки проекта документа. Готовность проекта не снимает блокировку допуска. По состоянию на текущую дату нет основания объявлять пилот разрешенным или описывать целевые роли как уже настроенные права приложения.",0,Синтетический трекер
TC7037,P007,T702,R007-DEMO,Анна Волкова,2026-06-19T16:03:00,трекер,"Анна: сценарий RAG-071 проверяет недопустимую выдачу закрытого источника тестовой роли. Он не означает подтвержденную утечку. Прохождение этой проверки не зафиксировано, а наличие целевой матрицы не доказывает реализацию ACL в демонстрационном коде и не заменяет решение по T702.",0,Синтетический трекер
TC7038,P007,T702,R703,Марина Соколова,2026-06-19T17:03:00,трекер,"Марина: перечисляем читателя, проверяющего и администратора индекса как роли проекта проверки. Не приписываем им дополнительные полномочия по утверждению документов. Полученный ответ в треде подтверждает коммуникацию, но не факт разрешения доступа и не изменение блокирующих условий пилота.",0,Синтетический трекер
TC7039,P007,T703,R702,Игорь Смирнов,2026-06-19T15:06:00,трекер,"Игорь: завершенный реестр по T703 помогает находить источники, однако не разрешает автоматически считать позднее письмо главным. Уточнение приоритета требует явного решения уполномоченного сотрудника; при неразрешенном конфликте надо показать обе версии и передать вопрос сотруднику, сохранив статус проекта правила.",0,Синтетический трекер
TC7040,P007,T703,R704,Павел Орлов,2026-06-19T16:06:00,трекер,"Павел: редакция дедупликации от 19 июня предлагает сравнивать document_id, version и SHA-256 нормализованного текста. Одинаковые тексты разных документов должны оставаться разными источниками. Это проект алгоритма, а не подтверждение внедрения, удаления дублей или фактического пересчета существующего индекса.",0,Синтетический трекер
TC7041,P007,T703,R702,Игорь Смирнов,2026-06-19T17:06:00,трекер,"Игорь: ссылка на реестр подтверждает наличие записей, но не утверждение каждого документа внутри него. Проект от 16 июня о хэше исходных байтов нужно отличать от уточненного составного ключа. Дата записи и статус решения отвечают на разные вопросы.",0,Синтетический трекер
TC7042,P007,T704,R702,Игорь Смирнов,2026-06-19T15:09:00,трекер,"Игорь: по T704 два исключения остаются открытыми. M-017 связан со свободным текстом attachments.comment, M-018 — с вложенным message.note. Срок 20 июня относится к плану исправления, а не доказывает выполненную работу; повторная приемка еще требует собственного подтверждения.",0,Синтетический трекер
TC7043,P007,T704,R007-DEMO,Анна Волкова,2026-06-19T16:09:00,трекер,"Анна: сообщение «перечень принят» означает получение описания дефектов. Оно не закрывает M-017 или M-018 и не делает маскирование завершенным. Технический владелец — Игорь, принимающий результат сотрудник — я; эти роли нельзя менять по краткому ответу в переписке.",0,Синтетический трекер
TC7044,P007,T704,R702,Игорь Смирнов,2026-06-19T17:09:00,трекер,"Игорь: результат восемнадцати стендовых строк не является оценкой качества QA. Обработаны шестнадцать, оставшиеся исключения названы явно. При пересказе сохраняйте объект проверки: иначе сотрудник ошибочно получит шестнадцать успешных ответов помощника вместо сведений о шаблонах маскирования синтетических данных.",0,Синтетический трекер
TC7045,P007,T705,R703,Марина Соколова,2026-06-19T15:12:00,трекер,"Марина: проект матрицы по T705 подготовлен 17 июня, но утверждение матрицы относится к отдельному решению. Статус «готово» у подготовки документа нельзя переносить на допуск. Полученный ответ в коммуникации также не доказывает, что пилот разрешен или роли реализованы.",0,Синтетический трекер
TC7046,P007,T705,R007-DEMO,Анна Волкова,2026-06-19T16:12:00,трекер,"Анна: в целевой матрице названы читатель, проверяющий и администратор индекса. Это описание будущей проверки прав, не доказательство действующих ACL. Сценарий RAG-071 еще не считается пройденным, поэтому ссылка на проект матрицы не подтверждает безопасность выдачи закрытого источника.",0,Синтетический трекер
TC7047,P007,T705,R703,Марина Соколова,2026-06-19T17:12:00,трекер,"Марина: фразу «принято по T705» следует читать вместе с предметом письма. Получение подготовленного проекта не означает утверждение содержания. Для ответа о фактическом согласовании нужен явный источник решения, а не только закрытый тред или имя адресата сообщения.",0,Синтетический трекер
TC7048,P007,T706,R704,Павел Орлов,2026-06-19T15:15:00,трекер,"Павел: рабочий набор от 18 июня содержит восемь вопросов о статусе, шесть о бюджете, четыре о доступе и два без достаточных сведений. Всего двадцать. Это будущая спецификация, не выполненные тесты; утверждение набора и измеренная точность здесь не подтверждены.",0,Синтетический трекер
TC7049,P007,T706,R706,Денис Лебедев,2026-06-19T16:15:00,трекер,"Денис: исходное предложение от 16 июня содержало десять статусных и четыре бюджетных вопроса, при неизменных четырех вопросах доступа и двух неизвестных случаях. Изменение распределения не увеличило общий набор. Не используйте разницу версий как число ошибок или успешно обработанных обращений.",0,Синтетический трекер
TC7050,P007,T706,R704,Павел Орлов,2026-06-19T17:15:00,трекер,"Павел: для T706 нужно различать релевантность найденного источника и правильность ответа на его основании. Наличие плана двадцати примеров не дает процента достигнутого качества. Пока итоговая оценка не подготовлена, нельзя заполнять результат целевыми значениями или числами из состава набора.",0,Синтетический трекер
TC7051,P007,T707,R704,Павел Орлов,2026-06-19T15:18:00,трекер,"Павел: проверка существования ссылок по T707 реализована 18 июня. Она подтверждает техническую проверку идентификатора, но не смысловую поддержку каждой фразы ответа. Не переносите готовность компонента на общую правильность QA: измеренная корректность ответов в текущих сведениях отсутствует.",0,Синтетический трекер
TC7052,P007,T707,R706,Денис Лебедев,2026-06-19T16:18:00,трекер,"Денис: существующий источник может описывать только плановую дату. Если ответ называет ее фактической датой выполнения, ссылка не спасает утверждение. В ручной оценке нужно отдельно проверить наличие источника и то, следует ли из его текста конкретный вывод сотрудника.",0,Синтетический трекер
TC7053,P007,T707,R704,Павел Орлов,2026-06-19T17:18:00,трекер,"Павел: сохраняйте отрицания «не утверждено» и «не измерено» в пересказе. Удаление одного слова меняет смысл даже при правильном идентификаторе документа. Контракт проверки содержания уточнен, но сам по себе не является отчетом о прохождении всех вопросов или приемке пилота.",0,Синтетический трекер
TC7054,P007,T708,R706,Денис Лебедев,2026-06-19T15:21:00,трекер,Денис: двойная разметка планируется для двадцати процентов примеров. Это не измеренная точность и не доля успешных ответов. Я основной проверяющий; разногласия передаются Анне. Фактическое число размеченных примеров пока не заполнено и не выводится из плановой доли.,0,Синтетический трекер
TC7055,P007,T708,R007-DEMO,Анна Волкова,2026-06-19T16:21:00,трекер,"Анна: ноль допустимых критических ошибок — приемочный порог, а не результат проверки. По T708 нужны реальные ответы и отдельная разметка отказов. Вопрос о найденных ошибках нельзя закрыть числом ноль только потому, что такой предел записан в плане.",0,Синтетический трекер
TC7056,P007,T708,R706,Денис Лебедев,2026-06-19T17:21:00,трекер,"Денис: если фактическая дата отсутствует, корректный ответ должен назвать недостаточность основания, а плановую дату при необходимости привести отдельно. Предложенный тест такого поведения не доказывает успешный отказ агента. Результат проверки T708 сохраняется открытым до выполнения оценки.",0,Синтетический трекер
TC7057,P007,T709,R705,Елена Морозова,2026-06-19T15:24:00,трекер,"Елена: в FAQ разделяем P1, P2 и P3. Потенциальное раскрытие относится к остановке учебного прогона с привлечением ИБ; неверная ссылка требует удержать ответ и исправить источник; пустая выдача требует уточнения. Перечень не описывает фактически зарегистрированные инциденты проекта.",0,Синтетический трекер
TC7058,P007,T709,R705,Елена Морозова,2026-06-19T16:24:00,трекер,"Елена: полученный ответ по формулировке FAQ не означает завершенное согласование всего документа. По T709 работа продолжается. Особенно важно оставить разницу между требованием и наблюдением: целевая матрица доступа не доказывает настройку прав, а ссылка на план не подтверждает выполнение события.",0,Синтетический трекер
TC7059,P007,T709,R706,Денис Лебедев,2026-06-19T17:24:00,трекер,"Денис: для раздела недостаточности данных нужен пример вопроса о неизвестной фактической дате. Нельзя отвечать сроком будущего поручения как датой завершения. Описание примера в FAQ является подготовкой материала, не свидетельством того, что агент уже успешно прошел такую проверку.",0,Синтетический трекер
TC7060,P007,T710,R705,Елена Морозова,2026-06-19T15:27:00,трекер,"Елена: обучение по T710 запланировано на 24 июня, продолжительность сорок пять минут, участников предполагается шесть. На 19 июня встреча не проведена. Доставленное приглашение и подтверждение получения не создают фактическую посещаемость, дату проведения или результат проверки знаний сотрудников.",0,Синтетический трекер
TC7061,P007,T710,R705,Елена Морозова,2026-06-19T16:27:00,трекер,"Елена: повестка делит время на пятнадцать минут работы с источниками, двадцать минут неизвестных ответов и десять минут вопросов. Это план частей встречи. Не путайте двадцать минут с двадцатью обращениями пилота либо двадцатью процентами двойной разметки ответов.",0,Синтетический трекер
TC7062,P007,T710,R007-DEMO,Анна Волкова,2026-06-19T17:27:00,трекер,"Анна: подготовленная повестка не завершает поручение провести обучение. Если вопрос требует фактической даты занятия, ее пока нет. Сорок пять минут относятся к будущей встрече, а тридцать минут восстановления индекса — к другому плану и другому предмету проверки.",0,Синтетический трекер
TC7063,P007,T711,R706,Денис Лебедев,2026-06-19T15:30:00,трекер,"Денис: приемка по T711 остается заблокированной без допуска и итогового отчета качества. Плановая дата 25 июня не доказывает состоявшуюся приемку. Наличие двадцати будущих обращений в спецификации не заменяет выполненные проверки или решение, разрешающее начать ограниченный пилот.",0,Синтетический трекер
TC7064,P007,T711,R007-DEMO,Анна Волкова,2026-06-19T16:30:00,трекер,"Анна: целевая двойная разметка и нулевой допуск критических ошибок нужны для организации оценки, но не являются ее результатом. Пока фактическое число проверенных ответов отсутствует, нельзя объявлять приемку успешной на основании этих порогов или готовности отдельных технических компонентов.",0,Синтетический трекер
TC7065,P007,T711,R706,Денис Лебедев,2026-06-19T17:30:00,трекер,"Денис: закрытый тред о требованиях приемки не закрывает T711. В ответе сотруднику следует различать завершение обсуждения и выполнение проверки. Утвержденная матрица, исправленное маскирование и итоговый отчет имеют самостоятельные основания; переписка не создает отсутствующее разрешение пилота.",0,Синтетический трекер
TC7066,P007,T712,R007-DEMO,Анна Волкова,2026-06-19T15:33:00,трекер,"Анна: запрос резерва на шестьсот тысяч рублей остается отдельным вопросом решения. Черновые оценки дополнительного тестирования A за сто восемьдесят тысяч и B за двести шестьдесят тысяч не складываются с резервом. Ни выбор варианта, ни оплата перепиской не подтверждены.",0,Синтетический трекер
TC7067,P007,T712,R007-DEMO,Анна Волкова,2026-06-19T16:33:00,трекер,Анна: слово «принято» в ответе на запрос не утверждает резерв. По T712 требуется явное решение. Нельзя объявлять средства выделенными или менять расходы проекта по подтверждению получения письма; варианты дополнительного тестирования также остаются альтернативными черновыми оценками без сделанного выбора.,0,Синтетический трекер
TC7068,P007,T712,R706,Денис Лебедев,2026-06-19T17:33:00,трекер,"Денис: разница между оценками A и B составляет восемьдесят тысяч рублей, но это сравнение вариантов, а не уже достигнутая экономия. Сумма четыреста сорок тысяч не является согласованным объемом закупки: складывать альтернативы для финансового ответа нельзя без отдельного основания.",0,Синтетический трекер
TC7069,P007,T713,R703,Марина Соколова,2026-06-19T15:36:00,трекер,"Марина: по T713 подготовлен проект срока хранения журналов, а не утвержденный режим. Тридцать дней относятся к предложению о хранении. Они не являются тридцатью минутами восстановления индекса или двадцатью четырьмя часами целевой точки восстановления; в ответе нужны единица и предмет.",0,Синтетический трекер
TC7070,P007,T713,R007-DEMO,Анна Волкова,2026-06-19T16:36:00,трекер,"Анна: готовность текста проекта хранения не доказывает его управленческое утверждение. Если источник говорит «предлагается тридцать дней», нельзя пересказывать «установлено тридцать дней». Получение проекта адресатом подтверждает коммуникацию, но не решение по сроку хранения или фактическую настройку системы.",0,Синтетический трекер
TC7071,P007,T713,R703,Марина Соколова,2026-06-19T17:36:00,трекер,"Марина: пример с журналами пригоден для проверки модальности ответа. Совпадения числа тридцать недостаточно: надо сохранить «проект» и «предлагается». Существующая ссылка на подготовленный документ не подтверждает, что режим уже введен, журналы автоматически удаляются или проверка хранения завершена.",0,Синтетический трекер
TC7072,P007,T714,R704,Павел Орлов,2026-06-19T15:39:00,трекер,"Павел: T714 остается проверкой восстановления. Целевая точка восстановления равна двадцати четырем часам, целевое время — тридцати минутам. Измерения и утверждения этих параметров пока нет; нельзя говорить «восстановили за полчаса» по плану или считать сутки сроком хранения журналов.",0,Синтетический трекер
TC7073,P007,T714,R704,Павел Орлов,2026-06-19T16:39:00,трекер,"Павел: RAG-017 означает отставание индекса от manifest с необходимостью проверки свежести и управляемого обновления. Это не RAG-071, который относится к закрытому источнику и тестовой роли. Похожие обозначения нельзя заменять друг другом в описании причины или требуемого действия.",0,Синтетический трекер
TC7074,P007,T714,R702,Игорь Смирнов,2026-06-19T17:39:00,трекер,"Игорь: наличие индекса не доказывает его свежесть относительно manifest. Для T714 обсуждается проверка и управляемое обновление, а не подтвержденный успешный прогон восстановления. Полученное согласие с описанием процедуры не закрывает задачу и не создает измеренной длительности восстановления.",0,Синтетический трекер
TC7075,P007,T715,R705,Елена Морозова,2026-06-19T15:42:00,трекер,"Елена: маршрутизация по T715 согласована, но это не отчет о происшествиях. P1 описывает потенциальное раскрытие с остановкой учебного прогона и подключением ИБ. P2 удерживает ответ при проблеме ссылки, P3 фиксирует недостаточность выдачи. Фактический инцидент не подтвержден.",0,Синтетический трекер
TC7076,P007,T715,R705,Елена Морозова,2026-06-19T16:42:00,трекер,"Елена: закрытие треда по маршрутизации означает завершенное обсуждение формулировок. Оно не доказывает, что команда уже обработала обращение P1 или устранила неисправную ссылку P2. Для вопроса о числе случаев нужны отдельные записи, а не перечень категорий учебного процесса.",0,Синтетический трекер
TC7077,P007,T715,R007-DEMO,Анна Волкова,2026-06-19T17:42:00,трекер,Анна: при пустой выдаче нельзя автоматически применять сценарий потенциального раскрытия. В P3 предусмотрено уточнение вопроса и фиксация недостаточности данных. Само отсутствие результата не доказывает отсутствие события в проекте; в ответе сохраняем ограничение найденных источников и предмет обращения.,0,Синтетический трекер
TC7078,P007,T716,R007-DEMO,Анна Волкова,2026-06-19T15:45:00,трекер,"Анна: T716 остается в работе. Критерии промышленного запуска нельзя объявить выполненными по готовности реестра или проверки существования ссылок. Для текущего ограниченного пилота тоже нет разрешения; планы восстановления, целевые роли и черновые финансовые варианты не образуют фактического допуска.",0,Синтетический трекер
TC7079,P007,T716,R703,Марина Соколова,2026-06-19T16:45:00,трекер,"Марина: перечень читателя, проверяющего и администратора индекса является целевой матрицей, а не доказательством ACL в демо. Прохождение RAG-071 не подтверждено. При описании готовности к промышленному запуску эти ограничения должны оставаться явными, даже если текст критериев выглядит законченным.",0,Синтетический трекер
TC7080,P007,T716,R007-DEMO,Анна Волкова,2026-06-19T17:45:00,трекер,"Анна: завершение переписки по отдельному критерию не означает выполнение всего поручения T716. Нужны самостоятельные основания для утверждения, проверки и фактического запуска. Срок 26 июня остается плановым; не подставляем его в ответ как дату состоявшегося промышленного события.",0,Синтетический трекер
