id,project_id,request_date,requested_by,change_type,description,requested_budget_delta,requested_timeline_delta_days,status
CR001,P001,2026-06-12,Security,compliance_scope,Добавить расширенную модель угроз и дополнительные проверки маскирования данных.,16000000,14,under_review
CR002,P001,2026-06-13,Core Platform,integration_scope,Перенести часть интеграционных сценариев кредитного конвейера в post-pilot.,-3000000,-6,proposed
CR003,P002,2026-06-07,Fraud Platform,performance_tuning,Добавить отдельный спринт на оптимизацию feature lookup до целевых 120 мс.,4000000,8,under_review
CR004,P004,2026-06-14,Payments,vendor_scope,Закупить дополнительные vendor-сертификаты и расширить sandbox-mock для gateway.,4000000,5,approved
CR005,P005,2026-06-17,CRM Analytics,data_quality,Добавить ручную проверку топ-сегментов после дедупликации golden record.,1000000,2,approved
CR006,P006,2026-06-01,MAX PMO,integration_scope,MAX2.0 запрос на изменение 1: уточнение объема работ по крупному потоку.,-20000000,-5,pending
CR007,P006,2026-06-02,MAX Analysis,security_scope,MAX2.0 запрос на изменение 2: уточнение объема работ по крупному потоку.,15000000,3,under_review
CR008,P006,2026-06-03,MAX Architecture,migration_scope,MAX2.0 запрос на изменение 3: уточнение объема работ по крупному потоку.,35000000,8,proposed
CR009,P006,2026-06-04,MAX Core,performance_tuning,MAX2.0 запрос на изменение 4: уточнение объема работ по крупному потоку.,0,0,approved
CR010,P006,2026-06-05,MAX Front,release_scope,MAX2.0 запрос на изменение 5: уточнение объема работ по крупному потоку.,50000000,12,rejected
CR011,P006,2026-06-06,MAX Data,integration_scope,MAX2.0 запрос на изменение 6: уточнение объема работ по крупному потоку.,-20000000,-5,pending
CR012,P006,2026-06-07,MAX AI,security_scope,MAX2.0 запрос на изменение 7: уточнение объема работ по крупному потоку.,15000000,3,under_review
CR013,P006,2026-06-08,MAX Quality,migration_scope,MAX2.0 запрос на изменение 8: уточнение объема работ по крупному потоку.,35000000,8,proposed
CR014,P006,2026-06-09,MAX Platform,performance_tuning,MAX2.0 запрос на изменение 9: уточнение объема работ по крупному потоку.,0,0,approved
CR015,P006,2026-06-10,MAX Security,release_scope,MAX2.0 запрос на изменение 10: уточнение объема работ по крупному потоку.,50000000,12,rejected
CR016,P006,2026-06-11,MAX Integration,integration_scope,MAX2.0 запрос на изменение 11: уточнение объема работ по крупному потоку.,-20000000,-5,pending
CR017,P006,2026-06-12,MAX Reliability,security_scope,MAX2.0 запрос на изменение 12: уточнение объема работ по крупному потоку.,15000000,3,under_review
CR018,P006,2026-06-13,MAX Compliance,migration_scope,MAX2.0 запрос на изменение 13: уточнение объема работ по крупному потоку.,35000000,8,proposed
CR019,P006,2026-06-14,MAX CX,performance_tuning,MAX2.0 запрос на изменение 14: уточнение объема работ по крупному потоку.,0,0,approved
CR020,P006,2026-06-15,MAX PMO,release_scope,MAX2.0 запрос на изменение 15: уточнение объема работ по крупному потоку.,50000000,12,rejected
CR021,P006,2026-06-16,MAX Analysis,integration_scope,MAX2.0 запрос на изменение 16: уточнение объема работ по крупному потоку.,-20000000,-5,pending
CR022,P006,2026-06-17,MAX Architecture,security_scope,MAX2.0 запрос на изменение 17: уточнение объема работ по крупному потоку.,15000000,3,under_review
CR023,P006,2026-06-18,MAX Core,migration_scope,MAX2.0 запрос на изменение 18: уточнение объема работ по крупному потоку.,35000000,8,proposed
CR024,P006,2026-06-19,MAX Front,performance_tuning,MAX2.0 запрос на изменение 19: уточнение объема работ по крупному потоку.,0,0,approved
CR025,P006,2026-06-20,MAX Data,release_scope,MAX2.0 запрос на изменение 20: уточнение объема работ по крупному потоку.,50000000,12,rejected
CR026,P006,2026-06-21,MAX AI,integration_scope,MAX2.0 запрос на изменение 21: уточнение объема работ по крупному потоку.,-20000000,-5,pending
CR027,P006,2026-06-22,MAX Quality,security_scope,MAX2.0 запрос на изменение 22: уточнение объема работ по крупному потоку.,15000000,3,under_review
CR028,P006,2026-06-23,MAX Platform,migration_scope,MAX2.0 запрос на изменение 23: уточнение объема работ по крупному потоку.,35000000,8,proposed
CR029,P006,2026-06-24,MAX Security,performance_tuning,MAX2.0 запрос на изменение 24: уточнение объема работ по крупному потоку.,0,0,approved
CR030,P006,2026-06-25,MAX Integration,release_scope,MAX2.0 запрос на изменение 25: уточнение объема работ по крупному потоку.,50000000,12,rejected
CR031,P006,2026-06-26,MAX Reliability,integration_scope,MAX2.0 запрос на изменение 26: уточнение объема работ по крупному потоку.,-20000000,-5,pending
CR032,P006,2026-06-27,MAX Compliance,security_scope,MAX2.0 запрос на изменение 27: уточнение объема работ по крупному потоку.,15000000,3,under_review
CR033,P006,2026-06-28,MAX CX,migration_scope,MAX2.0 запрос на изменение 28: уточнение объема работ по крупному потоку.,35000000,8,proposed
CR034,P006,2026-06-29,MAX PMO,performance_tuning,MAX2.0 запрос на изменение 29: уточнение объема работ по крупному потоку.,0,0,approved
CR035,P006,2026-06-30,MAX Analysis,release_scope,MAX2.0 запрос на изменение 30: уточнение объема работ по крупному потоку.,50000000,12,rejected
CR036,P006,2026-07-01,MAX Architecture,integration_scope,MAX2.0 запрос на изменение 31: уточнение объема работ по крупному потоку.,-20000000,-5,pending
CR037,P006,2026-07-02,MAX Core,security_scope,MAX2.0 запрос на изменение 32: уточнение объема работ по крупному потоку.,15000000,3,under_review
CR038,P006,2026-07-03,MAX Front,migration_scope,MAX2.0 запрос на изменение 33: уточнение объема работ по крупному потоку.,35000000,8,proposed
CR039,P006,2026-07-04,MAX Data,performance_tuning,MAX2.0 запрос на изменение 34: уточнение объема работ по крупному потоку.,0,0,approved
CR040,P006,2026-07-05,MAX AI,release_scope,MAX2.0 запрос на изменение 35: уточнение объема работ по крупному потоку.,50000000,12,rejected
CR041,P006,2026-07-06,MAX Quality,integration_scope,MAX2.0 запрос на изменение 36: уточнение объема работ по крупному потоку.,-20000000,-5,pending
CR042,P006,2026-07-07,MAX Platform,security_scope,MAX2.0 запрос на изменение 37: уточнение объема работ по крупному потоку.,15000000,3,under_review
CR043,P006,2026-07-08,MAX Security,migration_scope,MAX2.0 запрос на изменение 38: уточнение объема работ по крупному потоку.,35000000,8,proposed
CR044,P006,2026-07-09,MAX Integration,performance_tuning,MAX2.0 запрос на изменение 39: уточнение объема работ по крупному потоку.,0,0,approved
CR045,P006,2026-07-10,MAX Reliability,release_scope,MAX2.0 запрос на изменение 40: уточнение объема работ по крупному потоку.,50000000,12,rejected
CR046,P006,2026-07-11,MAX Compliance,integration_scope,MAX2.0 запрос на изменение 41: уточнение объема работ по крупному потоку.,-20000000,-5,pending
CR047,P006,2026-07-12,MAX CX,security_scope,MAX2.0 запрос на изменение 42: уточнение объема работ по крупному потоку.,15000000,3,under_review
CR048,P006,2026-07-13,MAX PMO,migration_scope,MAX2.0 запрос на изменение 43: уточнение объема работ по крупному потоку.,35000000,8,proposed
CR049,P006,2026-07-14,MAX Analysis,performance_tuning,MAX2.0 запрос на изменение 44: уточнение объема работ по крупному потоку.,0,0,approved
CR050,P006,2026-07-15,MAX Architecture,release_scope,MAX2.0 запрос на изменение 45: уточнение объема работ по крупному потоку.,50000000,12,rejected
CR051,P006,2026-06-01,MAX Core,integration_scope,MAX2.0 запрос на изменение 46: уточнение объема работ по крупному потоку.,-20000000,-5,pending
CR052,P006,2026-06-02,MAX Front,security_scope,MAX2.0 запрос на изменение 47: уточнение объема работ по крупному потоку.,15000000,3,under_review
CR053,P006,2026-06-03,MAX Data,migration_scope,MAX2.0 запрос на изменение 48: уточнение объема работ по крупному потоку.,35000000,8,proposed
CR054,P006,2026-06-04,MAX AI,performance_tuning,MAX2.0 запрос на изменение 49: уточнение объема работ по крупному потоку.,0,0,approved
CR055,P006,2026-06-05,MAX Quality,release_scope,MAX2.0 запрос на изменение 50: уточнение объема работ по крупному потоку.,50000000,12,rejected
CR056,P006,2026-06-06,MAX Platform,integration_scope,MAX2.0 запрос на изменение 51: уточнение объема работ по крупному потоку.,-20000000,-5,pending
CR057,P006,2026-06-07,MAX Security,security_scope,MAX2.0 запрос на изменение 52: уточнение объема работ по крупному потоку.,15000000,3,under_review
CR058,P006,2026-06-08,MAX Integration,migration_scope,MAX2.0 запрос на изменение 53: уточнение объема работ по крупному потоку.,35000000,8,proposed
CR059,P006,2026-06-09,MAX Reliability,performance_tuning,MAX2.0 запрос на изменение 54: уточнение объема работ по крупному потоку.,0,0,approved
CR060,P006,2026-06-10,MAX Compliance,release_scope,MAX2.0 запрос на изменение 55: уточнение объема работ по крупному потоку.,50000000,12,rejected
CR061,P006,2026-06-11,MAX CX,integration_scope,MAX2.0 запрос на изменение 56: уточнение объема работ по крупному потоку.,-20000000,-5,pending
CR062,P006,2026-06-12,MAX PMO,security_scope,MAX2.0 запрос на изменение 57: уточнение объема работ по крупному потоку.,15000000,3,under_review
CR063,P006,2026-06-13,MAX Analysis,migration_scope,MAX2.0 запрос на изменение 58: уточнение объема работ по крупному потоку.,35000000,8,proposed
CR064,P006,2026-06-14,MAX Architecture,performance_tuning,MAX2.0 запрос на изменение 59: уточнение объема работ по крупному потоку.,0,0,approved
CR065,P006,2026-06-15,MAX Core,release_scope,MAX2.0 запрос на изменение 60: уточнение объема работ по крупному потоку.,50000000,12,rejected
CR066,P006,2026-06-16,MAX Front,integration_scope,MAX2.0 запрос на изменение 61: уточнение объема работ по крупному потоку.,-20000000,-5,pending
CR067,P006,2026-06-17,MAX Data,security_scope,MAX2.0 запрос на изменение 62: уточнение объема работ по крупному потоку.,15000000,3,under_review
CR068,P006,2026-06-18,MAX AI,migration_scope,MAX2.0 запрос на изменение 63: уточнение объема работ по крупному потоку.,35000000,8,proposed
CR069,P006,2026-06-19,MAX Quality,performance_tuning,MAX2.0 запрос на изменение 64: уточнение объема работ по крупному потоку.,0,0,approved
CR070,P006,2026-06-20,MAX Platform,release_scope,MAX2.0 запрос на изменение 65: уточнение объема работ по крупному потоку.,50000000,12,rejected
CR071,P006,2026-06-21,MAX Security,integration_scope,MAX2.0 запрос на изменение 66: уточнение объема работ по крупному потоку.,-20000000,-5,pending
CR072,P006,2026-06-22,MAX Integration,security_scope,MAX2.0 запрос на изменение 67: уточнение объема работ по крупному потоку.,15000000,3,under_review
CR073,P006,2026-06-23,MAX Reliability,migration_scope,MAX2.0 запрос на изменение 68: уточнение объема работ по крупному потоку.,35000000,8,proposed
CR074,P006,2026-06-24,MAX Compliance,performance_tuning,MAX2.0 запрос на изменение 69: уточнение объема работ по крупному потоку.,0,0,approved
CR075,P006,2026-06-25,MAX CX,release_scope,MAX2.0 запрос на изменение 70: уточнение объема работ по крупному потоку.,50000000,12,rejected
CR076,P006,2026-06-26,MAX PMO,integration_scope,MAX2.0 запрос на изменение 71: уточнение объема работ по крупному потоку.,-20000000,-5,pending
CR077,P006,2026-06-27,MAX Analysis,security_scope,MAX2.0 запрос на изменение 72: уточнение объема работ по крупному потоку.,15000000,3,under_review
CR078,P006,2026-06-28,MAX Architecture,migration_scope,MAX2.0 запрос на изменение 73: уточнение объема работ по крупному потоку.,35000000,8,proposed
CR079,P006,2026-06-29,MAX Core,performance_tuning,MAX2.0 запрос на изменение 74: уточнение объема работ по крупному потоку.,0,0,approved
CR080,P006,2026-06-30,MAX Front,release_scope,MAX2.0 запрос на изменение 75: уточнение объема работ по крупному потоку.,50000000,12,rejected
CR081,P006,2026-07-01,MAX Data,integration_scope,MAX2.0 запрос на изменение 76: уточнение объема работ по крупному потоку.,-20000000,-5,pending
CR082,P006,2026-07-02,MAX AI,security_scope,MAX2.0 запрос на изменение 77: уточнение объема работ по крупному потоку.,15000000,3,under_review
CR083,P006,2026-07-03,MAX Quality,migration_scope,MAX2.0 запрос на изменение 78: уточнение объема работ по крупному потоку.,35000000,8,proposed
CR084,P006,2026-07-04,MAX Platform,performance_tuning,MAX2.0 запрос на изменение 79: уточнение объема работ по крупному потоку.,0,0,approved
CR085,P006,2026-07-05,MAX Security,release_scope,MAX2.0 запрос на изменение 80: уточнение объема работ по крупному потоку.,50000000,12,rejected
CR086,P006,2026-07-06,MAX Integration,integration_scope,MAX2.0 запрос на изменение 81: уточнение объема работ по крупному потоку.,-20000000,-5,pending
CR087,P006,2026-07-07,MAX Reliability,security_scope,MAX2.0 запрос на изменение 82: уточнение объема работ по крупному потоку.,15000000,3,under_review
CR088,P006,2026-07-08,MAX Compliance,migration_scope,MAX2.0 запрос на изменение 83: уточнение объема работ по крупному потоку.,35000000,8,proposed
CR089,P006,2026-07-09,MAX CX,performance_tuning,MAX2.0 запрос на изменение 84: уточнение объема работ по крупному потоку.,0,0,approved
CR090,P006,2026-07-10,MAX PMO,release_scope,MAX2.0 запрос на изменение 85: уточнение объема работ по крупному потоку.,50000000,12,rejected
CR091,P006,2026-07-11,MAX Analysis,integration_scope,MAX2.0 запрос на изменение 86: уточнение объема работ по крупному потоку.,-20000000,-5,pending
CR092,P006,2026-07-12,MAX Architecture,security_scope,MAX2.0 запрос на изменение 87: уточнение объема работ по крупному потоку.,15000000,3,under_review
CR093,P006,2026-07-13,MAX Core,migration_scope,MAX2.0 запрос на изменение 88: уточнение объема работ по крупному потоку.,35000000,8,proposed
CR094,P006,2026-07-14,MAX Front,performance_tuning,MAX2.0 запрос на изменение 89: уточнение объема работ по крупному потоку.,0,0,approved
CR095,P006,2026-07-15,MAX Data,release_scope,MAX2.0 запрос на изменение 90: уточнение объема работ по крупному потоку.,50000000,12,rejected
