id,project_id,risk_type,description,probability,impact,owner_name,mitigation_plan,status,linked_task_id
RK001,P001,Security,Security может не согласовать обработку персональных данных для скорингового API.,5,5,Виктория Павлова,Вынести модель угроз на risk committee и подготовить маскирование полей.,escalated,T001
RK002,P001,Resource,Backend lead распределен между двумя critical-проектами и работает выше доступной емкости.,4,5,Елена Морозова,Перенести часть задач на второго backend и зафиксировать WIP limit.,active,T006
RK003,P001,Budget,Прогноз бюджета превышает план из-за доработок Security и интеграций.,4,4,Елена Морозова,Согласовать scope cut и отдельный резерв на compliance-доработки.,active,T009
RK004,P001,Dependency,DWH не подтвердил стабильный SLA на витрину признаков МСБ.,3,5,Павел Никитин,Согласовать fallback extract и ежедневный контроль качества данных.,mitigating,T002
RK005,P001,Data Quality,Исторические признаки по части заявок МСБ неполные.,3,4,Наталья Федорова,Запустить сверку с кредитным конвейером и исключить неполные сэмплы.,active,T004
RK006,P002,Performance,Latency real-time decisioning превышает целевой лимит 120 мс на peak load.,4,5,Сергей Лебедев,Оптимизировать feature lookup и включить circuit breaker.,escalated,T036
RK007,P002,Integration,Процессинг карт переносит окно подключения и блокирует end-to-end тесты.,5,4,Евгений Фомин,Эскалировать слот подключения и подготовить stub-контур.,escalated,T031
RK008,P002,Compliance,Нужно доказать контролируемый уровень false positive для операций клиентов.,4,4,Лариса Сергеева,Подготовить отчетность по тестовой выборке и критерии ручного разбора.,active,T038
RK009,P002,Security,Дополнительная модель угроз задерживает доступ к продуктивным событиям.,3,5,Виктория Павлова,Провести threat modeling workshop и согласовать read-only доступ.,active,T032
RK010,P002,Resource,ML engineer перегружен задачами расследований и performance tuning.,3,4,Андрей Романов,Выделить отдельный слот на оптимизацию модели.,mitigating,T037
RK011,P003,Release,Ревью в app store может занять больше стандартного окна.,2,3,Артур Комаров,Отправить build заранее и подготовить phased rollout.,active,T068
RK012,P003,UX,Пользователи могут хуже проходить обновленный onboarding без подсказок.,2,3,Софья Андреева,Провести дополнительный usability test на контрольной группе.,mitigating,T059
RK013,P003,Dependency,Biometric login зависит от смежного релиза авторизации.,2,4,Екатерина Васильева,Оставить feature toggle и fallback password flow.,active,T067
RK014,P004,Vendor,Вендор СБП задерживает тестовые сертификаты для gateway.,4,4,Сергей Ковалев,Эскалация через vendor manager и подготовка sandbox-mock.,active,T083
RK015,P004,Security,PCI DSS checklist требует дополнительного аудита хранения токенов.,3,5,Виктория Павлова,Разделить scope аудита и вынести спорные пункты на CAB.,active,T084
RK016,P004,Performance,Gateway может не выдержать пиковые платежные окна без SRE-тюнинга.,3,4,Владислав Крылов,Добавить synthetic load и автоалерты по latency.,mitigating,T090
RK017,P004,Budget,Дополнительные vendor-сертификаты увеличивают ожидаемые затраты проекта.,3,3,Сергей Ковалев,Зафиксировать лимит закупки и убрать часть non-critical scope.,active,T085
RK018,P005,Data Quality,Дубликаты клиентов в CRM и DWH расходятся по ключевым атрибутам.,3,4,Полина Соколова,Ввести confidence score для golden record и ручную валидацию топ-сегментов.,active,T115
RK019,P005,Adoption,Команды продаж могут продолжить использовать старые карточки клиентов.,2,3,Ольга Беляева,Провести пилот с двумя регионами и собрать обратную связь.,mitigating,T113
RK020,P005,Compliance,Нужна проверка ролей доступа к чувствительным клиентским атрибутам.,2,4,Лариса Сергеева,Согласовать матрицу ролей до начала пилота.,active,T117
RK021,P006,Security,MAX2.0 риск 1: возможное влияние на поток 1 из-за зависимости или качества данных.,2,3,Артем Аверин,"Назначить владельца, подтвердить дату снятия риска и подготовить fallback-план.",active,T131
RK022,P006,Integration,MAX2.0 риск 2: возможное влияние на поток 2 из-за зависимости или качества данных.,3,4,Валерия Басова,"Назначить владельца, подтвердить дату снятия риска и подготовить fallback-план.",mitigating,T138
RK023,P006,Data Quality,MAX2.0 риск 3: возможное влияние на поток 3 из-за зависимости или качества данных.,4,5,Глеб Воронцов,"Назначить владельца, подтвердить дату снятия риска и подготовить fallback-план.",active,T145
RK024,P006,Migration,MAX2.0 риск 4: возможное влияние на поток 4 из-за зависимости или качества данных.,5,3,Диана Галкин,"Назначить владельца, подтвердить дату снятия риска и подготовить fallback-план.",escalated,T152
RK025,P006,Performance,MAX2.0 риск 5: возможное влияние на поток 5 из-за зависимости или качества данных.,2,4,Егор Демина,"Назначить владельца, подтвердить дату снятия риска и подготовить fallback-план.",active,T159
RK026,P006,Budget,MAX2.0 риск 6: возможное влияние на поток 6 из-за зависимости или качества данных.,3,5,Инна Еремин,"Назначить владельца, подтвердить дату снятия риска и подготовить fallback-план.",mitigating,T166
RK027,P006,Vendor,MAX2.0 риск 7: возможное влияние на поток 7 из-за зависимости или качества данных.,4,3,Лев Жукова,"Назначить владельца, подтвердить дату снятия риска и подготовить fallback-план.",active,T173
RK028,P006,Compliance,MAX2.0 риск 8: возможное влияние на поток 8 из-за зависимости или качества данных.,5,4,Милана Зорин,"Назначить владельца, подтвердить дату снятия риска и подготовить fallback-план.",escalated,T180
RK029,P006,Security,MAX2.0 риск 9: возможное влияние на поток 9 из-за зависимости или качества данных.,2,5,Петр Исаев,"Назначить владельца, подтвердить дату снятия риска и подготовить fallback-план.",active,T187
RK030,P006,Integration,MAX2.0 риск 10: возможное влияние на поток 10 из-за зависимости или качества данных.,3,3,Яна Климова,"Назначить владельца, подтвердить дату снятия риска и подготовить fallback-план.",mitigating,T194
RK031,P006,Data Quality,MAX2.0 риск 11: возможное влияние на поток 11 из-за зависимости или качества данных.,4,4,Артем Ларионов,"Назначить владельца, подтвердить дату снятия риска и подготовить fallback-план.",active,T201
RK032,P006,Migration,MAX2.0 риск 12: возможное влияние на поток 12 из-за зависимости или качества данных.,5,5,Валерия Медведева,"Назначить владельца, подтвердить дату снятия риска и подготовить fallback-план.",escalated,T208
RK033,P006,Performance,MAX2.0 риск 13: возможное влияние на поток 13 из-за зависимости или качества данных.,2,3,Глеб Назаров,"Назначить владельца, подтвердить дату снятия риска и подготовить fallback-план.",active,T215
RK034,P006,Budget,MAX2.0 риск 14: возможное влияние на поток 14 из-за зависимости или качества данных.,3,4,Диана Орлова,"Назначить владельца, подтвердить дату снятия риска и подготовить fallback-план.",mitigating,T222
RK035,P006,Vendor,MAX2.0 риск 15: возможное влияние на поток 15 из-за зависимости или качества данных.,4,5,Егор Петров,"Назначить владельца, подтвердить дату снятия риска и подготовить fallback-план.",active,T229
RK036,P006,Compliance,MAX2.0 риск 16: возможное влияние на поток 16 из-за зависимости или качества данных.,5,3,Инна Рябова,"Назначить владельца, подтвердить дату снятия риска и подготовить fallback-план.",escalated,T236
RK037,P006,Security,MAX2.0 риск 17: возможное влияние на поток 17 из-за зависимости или качества данных.,2,4,Лев Сафонов,"Назначить владельца, подтвердить дату снятия риска и подготовить fallback-план.",active,T243
RK038,P006,Integration,MAX2.0 риск 18: возможное влияние на поток 18 из-за зависимости или качества данных.,3,5,Милана Тихонова,"Назначить владельца, подтвердить дату снятия риска и подготовить fallback-план.",mitigating,T250
RK039,P006,Data Quality,MAX2.0 риск 19: возможное влияние на поток 19 из-за зависимости или качества данных.,4,3,Петр Устинов,"Назначить владельца, подтвердить дату снятия риска и подготовить fallback-план.",active,T257
RK040,P006,Migration,MAX2.0 риск 20: возможное влияние на поток 20 из-за зависимости или качества данных.,5,4,Яна Филатова,"Назначить владельца, подтвердить дату снятия риска и подготовить fallback-план.",escalated,T264
RK041,P006,Performance,MAX2.0 риск 21: возможное влияние на поток 21 из-за зависимости или качества данных.,2,5,Артем Аверин,"Назначить владельца, подтвердить дату снятия риска и подготовить fallback-план.",active,T271
RK042,P006,Budget,MAX2.0 риск 22: возможное влияние на поток 22 из-за зависимости или качества данных.,3,3,Валерия Басова,"Назначить владельца, подтвердить дату снятия риска и подготовить fallback-план.",mitigating,T278
RK043,P006,Vendor,MAX2.0 риск 23: возможное влияние на поток 23 из-за зависимости или качества данных.,4,4,Глеб Воронцов,"Назначить владельца, подтвердить дату снятия риска и подготовить fallback-план.",active,T285
RK044,P006,Compliance,MAX2.0 риск 24: возможное влияние на поток 24 из-за зависимости или качества данных.,5,5,Диана Галкин,"Назначить владельца, подтвердить дату снятия риска и подготовить fallback-план.",escalated,T292
RK045,P006,Security,MAX2.0 риск 25: возможное влияние на поток 1 из-за зависимости или качества данных.,2,3,Егор Демина,"Назначить владельца, подтвердить дату снятия риска и подготовить fallback-план.",active,T299
RK046,P006,Integration,MAX2.0 риск 26: возможное влияние на поток 2 из-за зависимости или качества данных.,3,4,Инна Еремин,"Назначить владельца, подтвердить дату снятия риска и подготовить fallback-план.",mitigating,T306
RK047,P006,Data Quality,MAX2.0 риск 27: возможное влияние на поток 3 из-за зависимости или качества данных.,4,5,Лев Жукова,"Назначить владельца, подтвердить дату снятия риска и подготовить fallback-план.",active,T313
RK048,P006,Migration,MAX2.0 риск 28: возможное влияние на поток 4 из-за зависимости или качества данных.,5,3,Милана Зорин,"Назначить владельца, подтвердить дату снятия риска и подготовить fallback-план.",escalated,T320
RK049,P006,Performance,MAX2.0 риск 29: возможное влияние на поток 5 из-за зависимости или качества данных.,2,4,Петр Исаев,"Назначить владельца, подтвердить дату снятия риска и подготовить fallback-план.",active,T327
RK050,P006,Budget,MAX2.0 риск 30: возможное влияние на поток 6 из-за зависимости или качества данных.,3,5,Яна Климова,"Назначить владельца, подтвердить дату снятия риска и подготовить fallback-план.",mitigating,T334
RK051,P006,Vendor,MAX2.0 риск 31: возможное влияние на поток 7 из-за зависимости или качества данных.,4,3,Артем Ларионов,"Назначить владельца, подтвердить дату снятия риска и подготовить fallback-план.",active,T341
RK052,P006,Compliance,MAX2.0 риск 32: возможное влияние на поток 8 из-за зависимости или качества данных.,5,4,Валерия Медведева,"Назначить владельца, подтвердить дату снятия риска и подготовить fallback-план.",escalated,T348
RK053,P006,Security,MAX2.0 риск 33: возможное влияние на поток 9 из-за зависимости или качества данных.,2,5,Глеб Назаров,"Назначить владельца, подтвердить дату снятия риска и подготовить fallback-план.",active,T355
RK054,P006,Integration,MAX2.0 риск 34: возможное влияние на поток 10 из-за зависимости или качества данных.,3,3,Диана Орлова,"Назначить владельца, подтвердить дату снятия риска и подготовить fallback-план.",mitigating,T362
RK055,P006,Data Quality,MAX2.0 риск 35: возможное влияние на поток 11 из-за зависимости или качества данных.,4,4,Егор Петров,"Назначить владельца, подтвердить дату снятия риска и подготовить fallback-план.",active,T369
RK056,P006,Migration,MAX2.0 риск 36: возможное влияние на поток 12 из-за зависимости или качества данных.,5,5,Инна Рябова,"Назначить владельца, подтвердить дату снятия риска и подготовить fallback-план.",escalated,T376
RK057,P006,Performance,MAX2.0 риск 37: возможное влияние на поток 13 из-за зависимости или качества данных.,2,3,Лев Сафонов,"Назначить владельца, подтвердить дату снятия риска и подготовить fallback-план.",active,T383
RK058,P006,Budget,MAX2.0 риск 38: возможное влияние на поток 14 из-за зависимости или качества данных.,3,4,Милана Тихонова,"Назначить владельца, подтвердить дату снятия риска и подготовить fallback-план.",mitigating,T390
RK059,P006,Vendor,MAX2.0 риск 39: возможное влияние на поток 15 из-за зависимости или качества данных.,4,5,Петр Устинов,"Назначить владельца, подтвердить дату снятия риска и подготовить fallback-план.",active,T397
RK060,P006,Compliance,MAX2.0 риск 40: возможное влияние на поток 16 из-за зависимости или качества данных.,5,3,Яна Филатова,"Назначить владельца, подтвердить дату снятия риска и подготовить fallback-план.",escalated,T404
RK061,P006,Security,MAX2.0 риск 41: возможное влияние на поток 17 из-за зависимости или качества данных.,2,4,Артем Аверин,"Назначить владельца, подтвердить дату снятия риска и подготовить fallback-план.",active,T411
RK062,P006,Integration,MAX2.0 риск 42: возможное влияние на поток 18 из-за зависимости или качества данных.,3,5,Валерия Басова,"Назначить владельца, подтвердить дату снятия риска и подготовить fallback-план.",mitigating,T418
RK063,P006,Data Quality,MAX2.0 риск 43: возможное влияние на поток 19 из-за зависимости или качества данных.,4,3,Глеб Воронцов,"Назначить владельца, подтвердить дату снятия риска и подготовить fallback-план.",active,T425
RK064,P006,Migration,MAX2.0 риск 44: возможное влияние на поток 20 из-за зависимости или качества данных.,5,4,Диана Галкин,"Назначить владельца, подтвердить дату снятия риска и подготовить fallback-план.",escalated,T432
RK065,P006,Performance,MAX2.0 риск 45: возможное влияние на поток 21 из-за зависимости или качества данных.,2,5,Егор Демина,"Назначить владельца, подтвердить дату снятия риска и подготовить fallback-план.",active,T439
RK066,P006,Budget,MAX2.0 риск 46: возможное влияние на поток 22 из-за зависимости или качества данных.,3,3,Инна Еремин,"Назначить владельца, подтвердить дату снятия риска и подготовить fallback-план.",mitigating,T446
RK067,P006,Vendor,MAX2.0 риск 47: возможное влияние на поток 23 из-за зависимости или качества данных.,4,4,Лев Жукова,"Назначить владельца, подтвердить дату снятия риска и подготовить fallback-план.",active,T453
RK068,P006,Compliance,MAX2.0 риск 48: возможное влияние на поток 24 из-за зависимости или качества данных.,5,5,Милана Зорин,"Назначить владельца, подтвердить дату снятия риска и подготовить fallback-план.",escalated,T460
RK069,P006,Security,MAX2.0 риск 49: возможное влияние на поток 1 из-за зависимости или качества данных.,2,3,Петр Исаев,"Назначить владельца, подтвердить дату снятия риска и подготовить fallback-план.",active,T467
RK070,P006,Integration,MAX2.0 риск 50: возможное влияние на поток 2 из-за зависимости или качества данных.,3,4,Яна Климова,"Назначить владельца, подтвердить дату снятия риска и подготовить fallback-план.",mitigating,T474
RK071,P006,Data Quality,MAX2.0 риск 51: возможное влияние на поток 3 из-за зависимости или качества данных.,4,5,Артем Ларионов,"Назначить владельца, подтвердить дату снятия риска и подготовить fallback-план.",active,T481
RK072,P006,Migration,MAX2.0 риск 52: возможное влияние на поток 4 из-за зависимости или качества данных.,5,3,Валерия Медведева,"Назначить владельца, подтвердить дату снятия риска и подготовить fallback-план.",escalated,T488
RK073,P006,Performance,MAX2.0 риск 53: возможное влияние на поток 5 из-за зависимости или качества данных.,2,4,Глеб Назаров,"Назначить владельца, подтвердить дату снятия риска и подготовить fallback-план.",active,T495
RK074,P006,Budget,MAX2.0 риск 54: возможное влияние на поток 6 из-за зависимости или качества данных.,3,5,Диана Орлова,"Назначить владельца, подтвердить дату снятия риска и подготовить fallback-план.",mitigating,T502
RK075,P006,Vendor,MAX2.0 риск 55: возможное влияние на поток 7 из-за зависимости или качества данных.,4,3,Егор Петров,"Назначить владельца, подтвердить дату снятия риска и подготовить fallback-план.",active,T509
RK076,P006,Compliance,MAX2.0 риск 56: возможное влияние на поток 8 из-за зависимости или качества данных.,5,4,Инна Рябова,"Назначить владельца, подтвердить дату снятия риска и подготовить fallback-план.",escalated,T516
RK077,P006,Security,MAX2.0 риск 57: возможное влияние на поток 9 из-за зависимости или качества данных.,2,5,Лев Сафонов,"Назначить владельца, подтвердить дату снятия риска и подготовить fallback-план.",active,T523
RK078,P006,Integration,MAX2.0 риск 58: возможное влияние на поток 10 из-за зависимости или качества данных.,3,3,Милана Тихонова,"Назначить владельца, подтвердить дату снятия риска и подготовить fallback-план.",mitigating,T530
RK079,P006,Data Quality,MAX2.0 риск 59: возможное влияние на поток 11 из-за зависимости или качества данных.,4,4,Петр Устинов,"Назначить владельца, подтвердить дату снятия риска и подготовить fallback-план.",active,T537
RK080,P006,Migration,MAX2.0 риск 60: возможное влияние на поток 12 из-за зависимости или качества данных.,5,5,Яна Филатова,"Назначить владельца, подтвердить дату снятия риска и подготовить fallback-план.",escalated,T544
RK081,P006,Performance,MAX2.0 риск 61: возможное влияние на поток 13 из-за зависимости или качества данных.,2,3,Артем Аверин,"Назначить владельца, подтвердить дату снятия риска и подготовить fallback-план.",active,T551
RK082,P006,Budget,MAX2.0 риск 62: возможное влияние на поток 14 из-за зависимости или качества данных.,3,4,Валерия Басова,"Назначить владельца, подтвердить дату снятия риска и подготовить fallback-план.",mitigating,T558
RK083,P006,Vendor,MAX2.0 риск 63: возможное влияние на поток 15 из-за зависимости или качества данных.,4,5,Глеб Воронцов,"Назначить владельца, подтвердить дату снятия риска и подготовить fallback-план.",active,T565
RK084,P006,Compliance,MAX2.0 риск 64: возможное влияние на поток 16 из-за зависимости или качества данных.,5,3,Диана Галкин,"Назначить владельца, подтвердить дату снятия риска и подготовить fallback-план.",escalated,T572
RK085,P006,Security,MAX2.0 риск 65: возможное влияние на поток 17 из-за зависимости или качества данных.,2,4,Егор Демина,"Назначить владельца, подтвердить дату снятия риска и подготовить fallback-план.",active,T579
RK086,P006,Integration,MAX2.0 риск 66: возможное влияние на поток 18 из-за зависимости или качества данных.,3,5,Инна Еремин,"Назначить владельца, подтвердить дату снятия риска и подготовить fallback-план.",mitigating,T586
RK087,P006,Data Quality,MAX2.0 риск 67: возможное влияние на поток 19 из-за зависимости или качества данных.,4,3,Лев Жукова,"Назначить владельца, подтвердить дату снятия риска и подготовить fallback-план.",active,T593
RK088,P006,Migration,MAX2.0 риск 68: возможное влияние на поток 20 из-за зависимости или качества данных.,5,4,Милана Зорин,"Назначить владельца, подтвердить дату снятия риска и подготовить fallback-план.",escalated,T600
RK089,P006,Performance,MAX2.0 риск 69: возможное влияние на поток 21 из-за зависимости или качества данных.,2,5,Петр Исаев,"Назначить владельца, подтвердить дату снятия риска и подготовить fallback-план.",active,T607
RK090,P006,Budget,MAX2.0 риск 70: возможное влияние на поток 22 из-за зависимости или качества данных.,3,3,Яна Климова,"Назначить владельца, подтвердить дату снятия риска и подготовить fallback-план.",mitigating,T614
RK091,P006,Vendor,MAX2.0 риск 71: возможное влияние на поток 23 из-за зависимости или качества данных.,4,4,Артем Ларионов,"Назначить владельца, подтвердить дату снятия риска и подготовить fallback-план.",active,T621
RK092,P006,Compliance,MAX2.0 риск 72: возможное влияние на поток 24 из-за зависимости или качества данных.,5,5,Валерия Медведева,"Назначить владельца, подтвердить дату снятия риска и подготовить fallback-план.",escalated,T628
RK093,P006,Security,MAX2.0 риск 73: возможное влияние на поток 1 из-за зависимости или качества данных.,2,3,Глеб Назаров,"Назначить владельца, подтвердить дату снятия риска и подготовить fallback-план.",active,T635
RK094,P006,Integration,MAX2.0 риск 74: возможное влияние на поток 2 из-за зависимости или качества данных.,3,4,Диана Орлова,"Назначить владельца, подтвердить дату снятия риска и подготовить fallback-план.",mitigating,T642
RK095,P006,Data Quality,MAX2.0 риск 75: возможное влияние на поток 3 из-за зависимости или качества данных.,4,5,Егор Петров,"Назначить владельца, подтвердить дату снятия риска и подготовить fallback-план.",active,T649
RK096,P006,Migration,MAX2.0 риск 76: возможное влияние на поток 4 из-за зависимости или качества данных.,5,3,Инна Рябова,"Назначить владельца, подтвердить дату снятия риска и подготовить fallback-план.",escalated,T656
RK097,P006,Performance,MAX2.0 риск 77: возможное влияние на поток 5 из-за зависимости или качества данных.,2,4,Лев Сафонов,"Назначить владельца, подтвердить дату снятия риска и подготовить fallback-план.",active,T663
RK098,P006,Budget,MAX2.0 риск 78: возможное влияние на поток 6 из-за зависимости или качества данных.,3,5,Милана Тихонова,"Назначить владельца, подтвердить дату снятия риска и подготовить fallback-план.",mitigating,T670
RK099,P006,Vendor,MAX2.0 риск 79: возможное влияние на поток 7 из-за зависимости или качества данных.,4,3,Петр Устинов,"Назначить владельца, подтвердить дату снятия риска и подготовить fallback-план.",active,T677
RK100,P006,Compliance,MAX2.0 риск 80: возможное влияние на поток 8 из-за зависимости или качества данных.,5,4,Яна Филатова,"Назначить владельца, подтвердить дату снятия риска и подготовить fallback-план.",escalated,T684
RK101,P006,Security,MAX2.0 риск 81: возможное влияние на поток 9 из-за зависимости или качества данных.,2,5,Артем Аверин,"Назначить владельца, подтвердить дату снятия риска и подготовить fallback-план.",active,T691
RK102,P006,Integration,MAX2.0 риск 82: возможное влияние на поток 10 из-за зависимости или качества данных.,3,3,Валерия Басова,"Назначить владельца, подтвердить дату снятия риска и подготовить fallback-план.",mitigating,T698
RK103,P006,Data Quality,MAX2.0 риск 83: возможное влияние на поток 11 из-за зависимости или качества данных.,4,4,Глеб Воронцов,"Назначить владельца, подтвердить дату снятия риска и подготовить fallback-план.",active,T705
RK104,P006,Migration,MAX2.0 риск 84: возможное влияние на поток 12 из-за зависимости или качества данных.,5,5,Диана Галкин,"Назначить владельца, подтвердить дату снятия риска и подготовить fallback-план.",escalated,T712
RK105,P006,Performance,MAX2.0 риск 85: возможное влияние на поток 13 из-за зависимости или качества данных.,2,3,Егор Демина,"Назначить владельца, подтвердить дату снятия риска и подготовить fallback-план.",active,T719
RK106,P006,Budget,MAX2.0 риск 86: возможное влияние на поток 14 из-за зависимости или качества данных.,3,4,Инна Еремин,"Назначить владельца, подтвердить дату снятия риска и подготовить fallback-план.",mitigating,T726
RK107,P006,Vendor,MAX2.0 риск 87: возможное влияние на поток 15 из-за зависимости или качества данных.,4,5,Лев Жукова,"Назначить владельца, подтвердить дату снятия риска и подготовить fallback-план.",active,T733
RK108,P006,Compliance,MAX2.0 риск 88: возможное влияние на поток 16 из-за зависимости или качества данных.,5,3,Милана Зорин,"Назначить владельца, подтвердить дату снятия риска и подготовить fallback-план.",escalated,T740
RK109,P006,Security,MAX2.0 риск 89: возможное влияние на поток 17 из-за зависимости или качества данных.,2,4,Петр Исаев,"Назначить владельца, подтвердить дату снятия риска и подготовить fallback-план.",active,T747
RK110,P006,Integration,MAX2.0 риск 90: возможное влияние на поток 18 из-за зависимости или качества данных.,3,5,Яна Климова,"Назначить владельца, подтвердить дату снятия риска и подготовить fallback-план.",mitigating,T754
RK111,P006,Data Quality,MAX2.0 риск 91: возможное влияние на поток 19 из-за зависимости или качества данных.,4,3,Артем Аверин,"Назначить владельца, подтвердить дату снятия риска и подготовить fallback-план.",active,T761
RK112,P006,Migration,MAX2.0 риск 92: возможное влияние на поток 20 из-за зависимости или качества данных.,5,4,Валерия Басова,"Назначить владельца, подтвердить дату снятия риска и подготовить fallback-план.",escalated,T768
RK113,P006,Performance,MAX2.0 риск 93: возможное влияние на поток 21 из-за зависимости или качества данных.,2,5,Глеб Воронцов,"Назначить владельца, подтвердить дату снятия риска и подготовить fallback-план.",active,T775
RK114,P006,Budget,MAX2.0 риск 94: возможное влияние на поток 22 из-за зависимости или качества данных.,3,3,Диана Галкин,"Назначить владельца, подтвердить дату снятия риска и подготовить fallback-план.",mitigating,T782
RK115,P006,Vendor,MAX2.0 риск 95: возможное влияние на поток 23 из-за зависимости или качества данных.,4,4,Егор Демина,"Назначить владельца, подтвердить дату снятия риска и подготовить fallback-план.",active,T789
RK116,P006,Compliance,MAX2.0 риск 96: возможное влияние на поток 24 из-за зависимости или качества данных.,5,5,Инна Еремин,"Назначить владельца, подтвердить дату снятия риска и подготовить fallback-план.",escalated,T796
RK117,P006,Security,MAX2.0 риск 97: возможное влияние на поток 1 из-за зависимости или качества данных.,2,3,Лев Жукова,"Назначить владельца, подтвердить дату снятия риска и подготовить fallback-план.",active,T803
RK118,P006,Integration,MAX2.0 риск 98: возможное влияние на поток 2 из-за зависимости или качества данных.,3,4,Милана Зорин,"Назначить владельца, подтвердить дату снятия риска и подготовить fallback-план.",mitigating,T810
RK119,P006,Data Quality,MAX2.0 риск 99: возможное влияние на поток 3 из-за зависимости или качества данных.,4,5,Петр Исаев,"Назначить владельца, подтвердить дату снятия риска и подготовить fallback-план.",active,T817
RK120,P006,Migration,MAX2.0 риск 100: возможное влияние на поток 4 из-за зависимости или качества данных.,5,3,Яна Климова,"Назначить владельца, подтвердить дату снятия риска и подготовить fallback-план.",escalated,T824
RK121,P006,Performance,MAX2.0 риск 101: возможное влияние на поток 5 из-за зависимости или качества данных.,2,4,Артем Ларионов,"Назначить владельца, подтвердить дату снятия риска и подготовить fallback-план.",active,T831
RK122,P006,Budget,MAX2.0 риск 102: возможное влияние на поток 6 из-за зависимости или качества данных.,3,5,Валерия Медведева,"Назначить владельца, подтвердить дату снятия риска и подготовить fallback-план.",mitigating,T838
RK123,P006,Vendor,MAX2.0 риск 103: возможное влияние на поток 7 из-за зависимости или качества данных.,4,3,Глеб Назаров,"Назначить владельца, подтвердить дату снятия риска и подготовить fallback-план.",active,T845
RK124,P006,Compliance,MAX2.0 риск 104: возможное влияние на поток 8 из-за зависимости или качества данных.,5,4,Диана Орлова,"Назначить владельца, подтвердить дату снятия риска и подготовить fallback-план.",escalated,T852
RK125,P006,Security,MAX2.0 риск 105: возможное влияние на поток 9 из-за зависимости или качества данных.,2,5,Егор Петров,"Назначить владельца, подтвердить дату снятия риска и подготовить fallback-план.",active,T859
RK126,P006,Integration,MAX2.0 риск 106: возможное влияние на поток 10 из-за зависимости или качества данных.,3,3,Инна Рябова,"Назначить владельца, подтвердить дату снятия риска и подготовить fallback-план.",mitigating,T866
RK127,P006,Data Quality,MAX2.0 риск 107: возможное влияние на поток 11 из-за зависимости или качества данных.,4,4,Лев Сафонов,"Назначить владельца, подтвердить дату снятия риска и подготовить fallback-план.",active,T873
RK128,P006,Migration,MAX2.0 риск 108: возможное влияние на поток 12 из-за зависимости или качества данных.,5,5,Милана Тихонова,"Назначить владельца, подтвердить дату снятия риска и подготовить fallback-план.",escalated,T880
RK129,P006,Performance,MAX2.0 риск 109: возможное влияние на поток 13 из-за зависимости или качества данных.,2,3,Петр Устинов,"Назначить владельца, подтвердить дату снятия риска и подготовить fallback-план.",active,T887
RK130,P006,Budget,MAX2.0 риск 110: возможное влияние на поток 14 из-за зависимости или качества данных.,3,4,Яна Филатова,"Назначить владельца, подтвердить дату снятия риска и подготовить fallback-план.",mitigating,T894
RK131,P006,Vendor,MAX2.0 риск 111: возможное влияние на поток 15 из-за зависимости или качества данных.,4,5,Артем Аверин,"Назначить владельца, подтвердить дату снятия риска и подготовить fallback-план.",active,T901
RK132,P006,Compliance,MAX2.0 риск 112: возможное влияние на поток 16 из-за зависимости или качества данных.,5,3,Валерия Басова,"Назначить владельца, подтвердить дату снятия риска и подготовить fallback-план.",escalated,T908
RK133,P006,Security,MAX2.0 риск 113: возможное влияние на поток 17 из-за зависимости или качества данных.,2,4,Глеб Воронцов,"Назначить владельца, подтвердить дату снятия риска и подготовить fallback-план.",active,T915
RK134,P006,Integration,MAX2.0 риск 114: возможное влияние на поток 18 из-за зависимости или качества данных.,3,5,Диана Галкин,"Назначить владельца, подтвердить дату снятия риска и подготовить fallback-план.",mitigating,T922
RK135,P006,Data Quality,MAX2.0 риск 115: возможное влияние на поток 19 из-за зависимости или качества данных.,4,3,Егор Демина,"Назначить владельца, подтвердить дату снятия риска и подготовить fallback-план.",active,T929
RK136,P006,Migration,MAX2.0 риск 116: возможное влияние на поток 20 из-за зависимости или качества данных.,5,4,Инна Еремин,"Назначить владельца, подтвердить дату снятия риска и подготовить fallback-план.",escalated,T936
RK137,P006,Performance,MAX2.0 риск 117: возможное влияние на поток 21 из-за зависимости или качества данных.,2,5,Лев Жукова,"Назначить владельца, подтвердить дату снятия риска и подготовить fallback-план.",active,T943
RK138,P006,Budget,MAX2.0 риск 118: возможное влияние на поток 22 из-за зависимости или качества данных.,3,3,Милана Зорин,"Назначить владельца, подтвердить дату снятия риска и подготовить fallback-план.",mitigating,T950
RK139,P006,Vendor,MAX2.0 риск 119: возможное влияние на поток 23 из-за зависимости или качества данных.,4,4,Петр Исаев,"Назначить владельца, подтвердить дату снятия риска и подготовить fallback-план.",active,T957
RK140,P006,Compliance,MAX2.0 риск 120: возможное влияние на поток 24 из-за зависимости или качества данных.,5,5,Яна Климова,"Назначить владельца, подтвердить дату снятия риска и подготовить fallback-план.",escalated,T964
RK141,P006,Security,MAX2.0 риск 121: возможное влияние на поток 1 из-за зависимости или качества данных.,2,3,Артем Ларионов,"Назначить владельца, подтвердить дату снятия риска и подготовить fallback-план.",active,T971
RK142,P006,Integration,MAX2.0 риск 122: возможное влияние на поток 2 из-за зависимости или качества данных.,3,4,Валерия Медведева,"Назначить владельца, подтвердить дату снятия риска и подготовить fallback-план.",mitigating,T978
RK143,P006,Data Quality,MAX2.0 риск 123: возможное влияние на поток 3 из-за зависимости или качества данных.,4,5,Глеб Назаров,"Назначить владельца, подтвердить дату снятия риска и подготовить fallback-план.",active,T985
RK144,P006,Migration,MAX2.0 риск 124: возможное влияние на поток 4 из-за зависимости или качества данных.,5,3,Диана Орлова,"Назначить владельца, подтвердить дату снятия риска и подготовить fallback-план.",escalated,T992
RK145,P006,Performance,MAX2.0 риск 125: возможное влияние на поток 5 из-за зависимости или качества данных.,2,4,Егор Петров,"Назначить владельца, подтвердить дату снятия риска и подготовить fallback-план.",active,T999
RK146,P006,Budget,MAX2.0 риск 126: возможное влияние на поток 6 из-за зависимости или качества данных.,3,5,Инна Рябова,"Назначить владельца, подтвердить дату снятия риска и подготовить fallback-план.",mitigating,T1006
RK147,P006,Vendor,MAX2.0 риск 127: возможное влияние на поток 7 из-за зависимости или качества данных.,4,3,Лев Сафонов,"Назначить владельца, подтвердить дату снятия риска и подготовить fallback-план.",active,T1013
RK148,P006,Compliance,MAX2.0 риск 128: возможное влияние на поток 8 из-за зависимости или качества данных.,5,4,Милана Тихонова,"Назначить владельца, подтвердить дату снятия риска и подготовить fallback-план.",escalated,T1020
RK149,P006,Security,MAX2.0 риск 129: возможное влияние на поток 9 из-за зависимости или качества данных.,2,5,Петр Устинов,"Назначить владельца, подтвердить дату снятия риска и подготовить fallback-план.",active,T1027
RK150,P006,Integration,MAX2.0 риск 130: возможное влияние на поток 10 из-за зависимости или качества данных.,3,3,Яна Филатова,"Назначить владельца, подтвердить дату снятия риска и подготовить fallback-план.",mitigating,T1034
RK151,P006,Data Quality,MAX2.0 риск 131: возможное влияние на поток 11 из-за зависимости или качества данных.,4,4,Артем Аверин,"Назначить владельца, подтвердить дату снятия риска и подготовить fallback-план.",active,T1041
RK152,P006,Migration,MAX2.0 риск 132: возможное влияние на поток 12 из-за зависимости или качества данных.,5,5,Валерия Басова,"Назначить владельца, подтвердить дату снятия риска и подготовить fallback-план.",escalated,T1048
RK153,P006,Performance,MAX2.0 риск 133: возможное влияние на поток 13 из-за зависимости или качества данных.,2,3,Глеб Воронцов,"Назначить владельца, подтвердить дату снятия риска и подготовить fallback-план.",active,T1055
RK154,P006,Budget,MAX2.0 риск 134: возможное влияние на поток 14 из-за зависимости или качества данных.,3,4,Диана Галкин,"Назначить владельца, подтвердить дату снятия риска и подготовить fallback-план.",mitigating,T1062
RK155,P006,Vendor,MAX2.0 риск 135: возможное влияние на поток 15 из-за зависимости или качества данных.,4,5,Егор Демина,"Назначить владельца, подтвердить дату снятия риска и подготовить fallback-план.",active,T1069
RK156,P006,Compliance,MAX2.0 риск 136: возможное влияние на поток 16 из-за зависимости или качества данных.,5,3,Инна Еремин,"Назначить владельца, подтвердить дату снятия риска и подготовить fallback-план.",escalated,T1076
RK157,P006,Security,MAX2.0 риск 137: возможное влияние на поток 17 из-за зависимости или качества данных.,2,4,Лев Жукова,"Назначить владельца, подтвердить дату снятия риска и подготовить fallback-план.",active,T1083
RK158,P006,Integration,MAX2.0 риск 138: возможное влияние на поток 18 из-за зависимости или качества данных.,3,5,Милана Зорин,"Назначить владельца, подтвердить дату снятия риска и подготовить fallback-план.",mitigating,T1090
RK159,P006,Data Quality,MAX2.0 риск 139: возможное влияние на поток 19 из-за зависимости или качества данных.,4,3,Петр Исаев,"Назначить владельца, подтвердить дату снятия риска и подготовить fallback-план.",active,T1097
RK160,P006,Migration,MAX2.0 риск 140: возможное влияние на поток 20 из-за зависимости или качества данных.,5,4,Яна Климова,"Назначить владельца, подтвердить дату снятия риска и подготовить fallback-план.",escalated,T1104
RK161,P006,Performance,MAX2.0 риск 141: возможное влияние на поток 21 из-за зависимости или качества данных.,2,5,Артем Ларионов,"Назначить владельца, подтвердить дату снятия риска и подготовить fallback-план.",active,T1111
RK162,P006,Budget,MAX2.0 риск 142: возможное влияние на поток 22 из-за зависимости или качества данных.,3,3,Валерия Медведева,"Назначить владельца, подтвердить дату снятия риска и подготовить fallback-план.",mitigating,T1118
RK163,P006,Vendor,MAX2.0 риск 143: возможное влияние на поток 23 из-за зависимости или качества данных.,4,4,Глеб Назаров,"Назначить владельца, подтвердить дату снятия риска и подготовить fallback-план.",active,T1125
RK164,P006,Compliance,MAX2.0 риск 144: возможное влияние на поток 24 из-за зависимости или качества данных.,5,5,Диана Орлова,"Назначить владельца, подтвердить дату снятия риска и подготовить fallback-план.",escalated,T1132
RK165,P006,Security,MAX2.0 риск 145: возможное влияние на поток 1 из-за зависимости или качества данных.,2,3,Егор Петров,"Назначить владельца, подтвердить дату снятия риска и подготовить fallback-план.",active,T1139
RK166,P006,Integration,MAX2.0 риск 146: возможное влияние на поток 2 из-за зависимости или качества данных.,3,4,Инна Рябова,"Назначить владельца, подтвердить дату снятия риска и подготовить fallback-план.",mitigating,T1146
RK167,P006,Data Quality,MAX2.0 риск 147: возможное влияние на поток 3 из-за зависимости или качества данных.,4,5,Лев Сафонов,"Назначить владельца, подтвердить дату снятия риска и подготовить fallback-план.",active,T1153
RK168,P006,Migration,MAX2.0 риск 148: возможное влияние на поток 4 из-за зависимости или качества данных.,5,3,Милана Тихонова,"Назначить владельца, подтвердить дату снятия риска и подготовить fallback-план.",escalated,T1160
RK169,P006,Performance,MAX2.0 риск 149: возможное влияние на поток 5 из-за зависимости или качества данных.,2,4,Петр Устинов,"Назначить владельца, подтвердить дату снятия риска и подготовить fallback-план.",active,T1167
RK170,P006,Budget,MAX2.0 риск 150: возможное влияние на поток 6 из-за зависимости или качества данных.,3,5,Яна Филатова,"Назначить владельца, подтвердить дату снятия риска и подготовить fallback-план.",mitigating,T1174
RK171,P006,Vendor,MAX2.0 риск 151: возможное влияние на поток 7 из-за зависимости или качества данных.,4,3,Артем Аверин,"Назначить владельца, подтвердить дату снятия риска и подготовить fallback-план.",active,T1181
RK172,P006,Compliance,MAX2.0 риск 152: возможное влияние на поток 8 из-за зависимости или качества данных.,5,4,Валерия Басова,"Назначить владельца, подтвердить дату снятия риска и подготовить fallback-план.",escalated,T1188
RK173,P006,Security,MAX2.0 риск 153: возможное влияние на поток 9 из-за зависимости или качества данных.,2,5,Глеб Воронцов,"Назначить владельца, подтвердить дату снятия риска и подготовить fallback-план.",active,T1195
RK174,P006,Integration,MAX2.0 риск 154: возможное влияние на поток 10 из-за зависимости или качества данных.,3,3,Диана Галкин,"Назначить владельца, подтвердить дату снятия риска и подготовить fallback-план.",mitigating,T1202
RK175,P006,Data Quality,MAX2.0 риск 155: возможное влияние на поток 11 из-за зависимости или качества данных.,4,4,Егор Демина,"Назначить владельца, подтвердить дату снятия риска и подготовить fallback-план.",active,T1209
RK176,P006,Migration,MAX2.0 риск 156: возможное влияние на поток 12 из-за зависимости или качества данных.,5,5,Инна Еремин,"Назначить владельца, подтвердить дату снятия риска и подготовить fallback-план.",escalated,T1216
RK177,P006,Performance,MAX2.0 риск 157: возможное влияние на поток 13 из-за зависимости или качества данных.,2,3,Лев Жукова,"Назначить владельца, подтвердить дату снятия риска и подготовить fallback-план.",active,T1223
RK178,P006,Budget,MAX2.0 риск 158: возможное влияние на поток 14 из-за зависимости или качества данных.,3,4,Милана Зорин,"Назначить владельца, подтвердить дату снятия риска и подготовить fallback-план.",mitigating,T1230
RK179,P006,Vendor,MAX2.0 риск 159: возможное влияние на поток 15 из-за зависимости или качества данных.,4,5,Петр Исаев,"Назначить владельца, подтвердить дату снятия риска и подготовить fallback-план.",active,T1237
RK180,P006,Compliance,MAX2.0 риск 160: возможное влияние на поток 16 из-за зависимости или качества данных.,5,3,Яна Климова,"Назначить владельца, подтвердить дату снятия риска и подготовить fallback-план.",escalated,T1244
RK181,P006,Security,MAX2.0 риск 161: возможное влияние на поток 17 из-за зависимости или качества данных.,2,4,Артем Ларионов,"Назначить владельца, подтвердить дату снятия риска и подготовить fallback-план.",active,T1251
RK182,P006,Integration,MAX2.0 риск 162: возможное влияние на поток 18 из-за зависимости или качества данных.,3,5,Валерия Медведева,"Назначить владельца, подтвердить дату снятия риска и подготовить fallback-план.",mitigating,T1258
RK183,P006,Data Quality,MAX2.0 риск 163: возможное влияние на поток 19 из-за зависимости или качества данных.,4,3,Глеб Назаров,"Назначить владельца, подтвердить дату снятия риска и подготовить fallback-план.",active,T1265
RK184,P006,Migration,MAX2.0 риск 164: возможное влияние на поток 20 из-за зависимости или качества данных.,5,4,Диана Орлова,"Назначить владельца, подтвердить дату снятия риска и подготовить fallback-план.",escalated,T1272
RK185,P006,Performance,MAX2.0 риск 165: возможное влияние на поток 21 из-за зависимости или качества данных.,2,5,Егор Петров,"Назначить владельца, подтвердить дату снятия риска и подготовить fallback-план.",active,T1279
RK186,P006,Budget,MAX2.0 риск 166: возможное влияние на поток 22 из-за зависимости или качества данных.,3,3,Инна Рябова,"Назначить владельца, подтвердить дату снятия риска и подготовить fallback-план.",mitigating,T1286
RK187,P006,Vendor,MAX2.0 риск 167: возможное влияние на поток 23 из-за зависимости или качества данных.,4,4,Лев Сафонов,"Назначить владельца, подтвердить дату снятия риска и подготовить fallback-план.",active,T1293
RK188,P006,Compliance,MAX2.0 риск 168: возможное влияние на поток 24 из-за зависимости или качества данных.,5,5,Милана Тихонова,"Назначить владельца, подтвердить дату снятия риска и подготовить fallback-план.",escalated,T1300
RK189,P006,Security,MAX2.0 риск 169: возможное влияние на поток 1 из-за зависимости или качества данных.,2,3,Петр Устинов,"Назначить владельца, подтвердить дату снятия риска и подготовить fallback-план.",active,T1307
RK190,P006,Integration,MAX2.0 риск 170: возможное влияние на поток 2 из-за зависимости или качества данных.,3,4,Яна Филатова,"Назначить владельца, подтвердить дату снятия риска и подготовить fallback-план.",mitigating,T1314
RK191,P006,Data Quality,MAX2.0 риск 171: возможное влияние на поток 3 из-за зависимости или качества данных.,4,5,Артем Аверин,"Назначить владельца, подтвердить дату снятия риска и подготовить fallback-план.",active,T1321
RK192,P006,Migration,MAX2.0 риск 172: возможное влияние на поток 4 из-за зависимости или качества данных.,5,3,Валерия Басова,"Назначить владельца, подтвердить дату снятия риска и подготовить fallback-план.",escalated,T1328
RK193,P006,Performance,MAX2.0 риск 173: возможное влияние на поток 5 из-за зависимости или качества данных.,2,4,Глеб Воронцов,"Назначить владельца, подтвердить дату снятия риска и подготовить fallback-план.",active,T135
RK194,P006,Budget,MAX2.0 риск 174: возможное влияние на поток 6 из-за зависимости или качества данных.,3,5,Диана Галкин,"Назначить владельца, подтвердить дату снятия риска и подготовить fallback-план.",mitigating,T142
RK195,P006,Vendor,MAX2.0 риск 175: возможное влияние на поток 7 из-за зависимости или качества данных.,4,3,Егор Демина,"Назначить владельца, подтвердить дату снятия риска и подготовить fallback-план.",active,T149
RK196,P006,Compliance,MAX2.0 риск 176: возможное влияние на поток 8 из-за зависимости или качества данных.,5,4,Инна Еремин,"Назначить владельца, подтвердить дату снятия риска и подготовить fallback-план.",escalated,T156
RK197,P006,Security,MAX2.0 риск 177: возможное влияние на поток 9 из-за зависимости или качества данных.,2,5,Лев Жукова,"Назначить владельца, подтвердить дату снятия риска и подготовить fallback-план.",active,T163
RK198,P006,Integration,MAX2.0 риск 178: возможное влияние на поток 10 из-за зависимости или качества данных.,3,3,Милана Зорин,"Назначить владельца, подтвердить дату снятия риска и подготовить fallback-план.",mitigating,T170
RK199,P006,Data Quality,MAX2.0 риск 179: возможное влияние на поток 11 из-за зависимости или качества данных.,4,4,Петр Исаев,"Назначить владельца, подтвердить дату снятия риска и подготовить fallback-план.",active,T177
RK200,P006,Migration,MAX2.0 риск 180: возможное влияние на поток 12 из-за зависимости или качества данных.,5,5,Яна Климова,"Назначить владельца, подтвердить дату снятия риска и подготовить fallback-план.",escalated,T184
