id,project_id,task_id,depends_on_task_id,dependency_type,is_critical_path,lag_days,reason
TD001,P001,T005,T001,blocks,True,1,Security approval is required before integration and pilot activities.
TD002,P001,T006,T002,blocks,True,0,DWH SLA confirmation is needed before feature validation.
TD003,P001,T009,T004,requires,False,2,Rollback procedure depends on validated model documentation.
TD004,P002,T034,T031,blocks,True,1,Integration testing waits for the processing window.
TD005,P002,T035,T032,blocks,True,1,Feature store tuning depends on threat model approval.
TD006,P002,T036,T034,blocks,True,0,Latency optimization depends on a stable processing adapter.
TD007,P003,T064,T059,related,False,1,Mobile onboarding should align with UX approval.
TD008,P003,T066,T064,blocks,False,0,Regression package depends on the stabilized client flow.
TD009,P004,T086,T083,blocks,True,1,Payment routing depends on vendor certificate delivery.
TD010,P004,T090,T084,blocks,True,2,Load testing depends on a completed PCI DSS checklist.
TD011,P005,T112,T109,blocks,True,1,Golden record mapping depends on deduplication rules.
TD012,P005,T116,T112,related,False,0,Cross-sell segments depend on stable profile quality.
TD013,P006,T131,T148,blocks,True,0,MAX2.0 зависимость между потоками 1.
TD014,P006,T132,T151,requires,False,1,MAX2.0 зависимость между потоками 2.
TD015,P006,T133,T154,related,False,2,MAX2.0 зависимость между потоками 3.
TD016,P006,T134,T157,blocks,False,3,MAX2.0 зависимость между потоками 4.
TD017,P006,T135,T160,requires,False,4,MAX2.0 зависимость между потоками 5.
TD018,P006,T136,T163,related,True,5,MAX2.0 зависимость между потоками 6.
TD019,P006,T137,T166,blocks,False,0,MAX2.0 зависимость между потоками 7.
TD020,P006,T138,T169,requires,False,1,MAX2.0 зависимость между потоками 8.
TD021,P006,T139,T172,related,False,2,MAX2.0 зависимость между потоками 9.
TD022,P006,T140,T175,blocks,False,3,MAX2.0 зависимость между потоками 10.
TD023,P006,T141,T178,requires,True,4,MAX2.0 зависимость между потоками 11.
TD024,P006,T142,T181,related,False,5,MAX2.0 зависимость между потоками 12.
TD025,P006,T143,T184,blocks,False,0,MAX2.0 зависимость между потоками 13.
TD026,P006,T144,T187,requires,False,1,MAX2.0 зависимость между потоками 14.
TD027,P006,T145,T190,related,False,2,MAX2.0 зависимость между потоками 15.
TD028,P006,T146,T193,blocks,True,3,MAX2.0 зависимость между потоками 16.
TD029,P006,T147,T196,requires,False,4,MAX2.0 зависимость между потоками 17.
TD030,P006,T148,T199,related,False,5,MAX2.0 зависимость между потоками 18.
TD031,P006,T149,T202,blocks,False,0,MAX2.0 зависимость между потоками 19.
TD032,P006,T150,T205,requires,False,1,MAX2.0 зависимость между потоками 20.
TD033,P006,T151,T208,related,True,2,MAX2.0 зависимость между потоками 21.
TD034,P006,T152,T211,blocks,False,3,MAX2.0 зависимость между потоками 22.
TD035,P006,T153,T214,requires,False,4,MAX2.0 зависимость между потоками 23.
TD036,P006,T154,T217,related,False,5,MAX2.0 зависимость между потоками 24.
TD037,P006,T155,T220,blocks,False,0,MAX2.0 зависимость между потоками 25.
TD038,P006,T156,T223,requires,True,1,MAX2.0 зависимость между потоками 26.
TD039,P006,T157,T226,related,False,2,MAX2.0 зависимость между потоками 27.
TD040,P006,T158,T229,blocks,False,3,MAX2.0 зависимость между потоками 28.
TD041,P006,T159,T232,requires,False,4,MAX2.0 зависимость между потоками 29.
TD042,P006,T160,T235,related,False,5,MAX2.0 зависимость между потоками 30.
TD043,P006,T161,T238,blocks,True,0,MAX2.0 зависимость между потоками 31.
TD044,P006,T162,T241,requires,False,1,MAX2.0 зависимость между потоками 32.
TD045,P006,T163,T244,related,False,2,MAX2.0 зависимость между потоками 33.
TD046,P006,T164,T247,blocks,False,3,MAX2.0 зависимость между потоками 34.
TD047,P006,T165,T250,requires,False,4,MAX2.0 зависимость между потоками 35.
TD048,P006,T166,T253,related,True,5,MAX2.0 зависимость между потоками 36.
TD049,P006,T167,T256,blocks,False,0,MAX2.0 зависимость между потоками 37.
TD050,P006,T168,T259,requires,False,1,MAX2.0 зависимость между потоками 38.
TD051,P006,T169,T262,related,False,2,MAX2.0 зависимость между потоками 39.
TD052,P006,T170,T265,blocks,False,3,MAX2.0 зависимость между потоками 40.
TD053,P006,T171,T268,requires,True,4,MAX2.0 зависимость между потоками 1.
TD054,P006,T172,T271,related,False,5,MAX2.0 зависимость между потоками 2.
TD055,P006,T173,T274,blocks,False,0,MAX2.0 зависимость между потоками 3.
TD056,P006,T174,T277,requires,False,1,MAX2.0 зависимость между потоками 4.
TD057,P006,T175,T280,related,False,2,MAX2.0 зависимость между потоками 5.
TD058,P006,T176,T283,blocks,True,3,MAX2.0 зависимость между потоками 6.
TD059,P006,T177,T286,requires,False,4,MAX2.0 зависимость между потоками 7.
TD060,P006,T178,T289,related,False,5,MAX2.0 зависимость между потоками 8.
TD061,P006,T179,T292,blocks,False,0,MAX2.0 зависимость между потоками 9.
TD062,P006,T180,T295,requires,False,1,MAX2.0 зависимость между потоками 10.
TD063,P006,T181,T298,related,True,2,MAX2.0 зависимость между потоками 11.
TD064,P006,T182,T301,blocks,False,3,MAX2.0 зависимость между потоками 12.
TD065,P006,T183,T304,requires,False,4,MAX2.0 зависимость между потоками 13.
TD066,P006,T184,T307,related,False,5,MAX2.0 зависимость между потоками 14.
TD067,P006,T185,T310,blocks,False,0,MAX2.0 зависимость между потоками 15.
TD068,P006,T186,T313,requires,True,1,MAX2.0 зависимость между потоками 16.
TD069,P006,T187,T316,related,False,2,MAX2.0 зависимость между потоками 17.
TD070,P006,T188,T319,blocks,False,3,MAX2.0 зависимость между потоками 18.
TD071,P006,T189,T322,requires,False,4,MAX2.0 зависимость между потоками 19.
TD072,P006,T190,T325,related,False,5,MAX2.0 зависимость между потоками 20.
TD073,P006,T191,T328,blocks,True,0,MAX2.0 зависимость между потоками 21.
TD074,P006,T192,T331,requires,False,1,MAX2.0 зависимость между потоками 22.
TD075,P006,T193,T334,related,False,2,MAX2.0 зависимость между потоками 23.
TD076,P006,T194,T337,blocks,False,3,MAX2.0 зависимость между потоками 24.
TD077,P006,T195,T340,requires,False,4,MAX2.0 зависимость между потоками 25.
TD078,P006,T196,T343,related,True,5,MAX2.0 зависимость между потоками 26.
TD079,P006,T197,T346,blocks,False,0,MAX2.0 зависимость между потоками 27.
TD080,P006,T198,T349,requires,False,1,MAX2.0 зависимость между потоками 28.
TD081,P006,T199,T352,related,False,2,MAX2.0 зависимость между потоками 29.
TD082,P006,T200,T355,blocks,False,3,MAX2.0 зависимость между потоками 30.
TD083,P006,T201,T358,requires,True,4,MAX2.0 зависимость между потоками 31.
TD084,P006,T202,T361,related,False,5,MAX2.0 зависимость между потоками 32.
TD085,P006,T203,T364,blocks,False,0,MAX2.0 зависимость между потоками 33.
TD086,P006,T204,T367,requires,False,1,MAX2.0 зависимость между потоками 34.
TD087,P006,T205,T370,related,False,2,MAX2.0 зависимость между потоками 35.
TD088,P006,T206,T373,blocks,True,3,MAX2.0 зависимость между потоками 36.
TD089,P006,T207,T376,requires,False,4,MAX2.0 зависимость между потоками 37.
TD090,P006,T208,T379,related,False,5,MAX2.0 зависимость между потоками 38.
TD091,P006,T209,T382,blocks,False,0,MAX2.0 зависимость между потоками 39.
TD092,P006,T210,T385,requires,False,1,MAX2.0 зависимость между потоками 40.
TD093,P006,T211,T388,related,True,2,MAX2.0 зависимость между потоками 1.
TD094,P006,T212,T391,blocks,False,3,MAX2.0 зависимость между потоками 2.
TD095,P006,T213,T394,requires,False,4,MAX2.0 зависимость между потоками 3.
TD096,P006,T214,T397,related,False,5,MAX2.0 зависимость между потоками 4.
TD097,P006,T215,T400,blocks,False,0,MAX2.0 зависимость между потоками 5.
TD098,P006,T216,T403,requires,True,1,MAX2.0 зависимость между потоками 6.
TD099,P006,T217,T406,related,False,2,MAX2.0 зависимость между потоками 7.
TD100,P006,T218,T409,blocks,False,3,MAX2.0 зависимость между потоками 8.
TD101,P006,T219,T412,requires,False,4,MAX2.0 зависимость между потоками 9.
TD102,P006,T220,T415,related,False,5,MAX2.0 зависимость между потоками 10.
TD103,P006,T221,T418,blocks,True,0,MAX2.0 зависимость между потоками 11.
TD104,P006,T222,T421,requires,False,1,MAX2.0 зависимость между потоками 12.
TD105,P006,T223,T424,related,False,2,MAX2.0 зависимость между потоками 13.
TD106,P006,T224,T427,blocks,False,3,MAX2.0 зависимость между потоками 14.
TD107,P006,T225,T430,requires,False,4,MAX2.0 зависимость между потоками 15.
TD108,P006,T226,T433,related,True,5,MAX2.0 зависимость между потоками 16.
TD109,P006,T227,T436,blocks,False,0,MAX2.0 зависимость между потоками 17.
TD110,P006,T228,T439,requires,False,1,MAX2.0 зависимость между потоками 18.
TD111,P006,T229,T442,related,False,2,MAX2.0 зависимость между потоками 19.
TD112,P006,T230,T445,blocks,False,3,MAX2.0 зависимость между потоками 20.
TD113,P006,T231,T448,requires,True,4,MAX2.0 зависимость между потоками 21.
TD114,P006,T232,T451,related,False,5,MAX2.0 зависимость между потоками 22.
TD115,P006,T233,T454,blocks,False,0,MAX2.0 зависимость между потоками 23.
TD116,P006,T234,T457,requires,False,1,MAX2.0 зависимость между потоками 24.
TD117,P006,T235,T460,related,False,2,MAX2.0 зависимость между потоками 25.
TD118,P006,T236,T463,blocks,True,3,MAX2.0 зависимость между потоками 26.
TD119,P006,T237,T466,requires,False,4,MAX2.0 зависимость между потоками 27.
TD120,P006,T238,T469,related,False,5,MAX2.0 зависимость между потоками 28.
TD121,P006,T239,T472,blocks,False,0,MAX2.0 зависимость между потоками 29.
TD122,P006,T240,T475,requires,False,1,MAX2.0 зависимость между потоками 30.
TD123,P006,T241,T478,related,True,2,MAX2.0 зависимость между потоками 31.
TD124,P006,T242,T481,blocks,False,3,MAX2.0 зависимость между потоками 32.
TD125,P006,T243,T484,requires,False,4,MAX2.0 зависимость между потоками 33.
TD126,P006,T244,T487,related,False,5,MAX2.0 зависимость между потоками 34.
TD127,P006,T245,T490,blocks,False,0,MAX2.0 зависимость между потоками 35.
TD128,P006,T246,T493,requires,True,1,MAX2.0 зависимость между потоками 36.
TD129,P006,T247,T496,related,False,2,MAX2.0 зависимость между потоками 37.
TD130,P006,T248,T499,blocks,False,3,MAX2.0 зависимость между потоками 38.
TD131,P006,T249,T502,requires,False,4,MAX2.0 зависимость между потоками 39.
TD132,P006,T250,T505,related,False,5,MAX2.0 зависимость между потоками 40.
TD133,P006,T251,T508,blocks,True,0,MAX2.0 зависимость между потоками 1.
TD134,P006,T252,T511,requires,False,1,MAX2.0 зависимость между потоками 2.
TD135,P006,T253,T514,related,False,2,MAX2.0 зависимость между потоками 3.
TD136,P006,T254,T517,blocks,False,3,MAX2.0 зависимость между потоками 4.
TD137,P006,T255,T520,requires,False,4,MAX2.0 зависимость между потоками 5.
TD138,P006,T256,T523,related,True,5,MAX2.0 зависимость между потоками 6.
TD139,P006,T257,T526,blocks,False,0,MAX2.0 зависимость между потоками 7.
TD140,P006,T258,T529,requires,False,1,MAX2.0 зависимость между потоками 8.
TD141,P006,T259,T532,related,False,2,MAX2.0 зависимость между потоками 9.
TD142,P006,T260,T535,blocks,False,3,MAX2.0 зависимость между потоками 10.
TD143,P006,T261,T538,requires,True,4,MAX2.0 зависимость между потоками 11.
TD144,P006,T262,T541,related,False,5,MAX2.0 зависимость между потоками 12.
TD145,P006,T263,T544,blocks,False,0,MAX2.0 зависимость между потоками 13.
TD146,P006,T264,T547,requires,False,1,MAX2.0 зависимость между потоками 14.
TD147,P006,T265,T550,related,False,2,MAX2.0 зависимость между потоками 15.
TD148,P006,T266,T553,blocks,True,3,MAX2.0 зависимость между потоками 16.
TD149,P006,T267,T556,requires,False,4,MAX2.0 зависимость между потоками 17.
TD150,P006,T268,T559,related,False,5,MAX2.0 зависимость между потоками 18.
TD151,P006,T269,T562,blocks,False,0,MAX2.0 зависимость между потоками 19.
TD152,P006,T270,T565,requires,False,1,MAX2.0 зависимость между потоками 20.
TD153,P006,T271,T568,related,True,2,MAX2.0 зависимость между потоками 21.
TD154,P006,T272,T571,blocks,False,3,MAX2.0 зависимость между потоками 22.
TD155,P006,T273,T574,requires,False,4,MAX2.0 зависимость между потоками 23.
TD156,P006,T274,T577,related,False,5,MAX2.0 зависимость между потоками 24.
TD157,P006,T275,T580,blocks,False,0,MAX2.0 зависимость между потоками 25.
TD158,P006,T276,T583,requires,True,1,MAX2.0 зависимость между потоками 26.
TD159,P006,T277,T586,related,False,2,MAX2.0 зависимость между потоками 27.
TD160,P006,T278,T589,blocks,False,3,MAX2.0 зависимость между потоками 28.
TD161,P006,T279,T592,requires,False,4,MAX2.0 зависимость между потоками 29.
TD162,P006,T280,T595,related,False,5,MAX2.0 зависимость между потоками 30.
TD163,P006,T281,T598,blocks,True,0,MAX2.0 зависимость между потоками 31.
TD164,P006,T282,T601,requires,False,1,MAX2.0 зависимость между потоками 32.
TD165,P006,T283,T604,related,False,2,MAX2.0 зависимость между потоками 33.
TD166,P006,T284,T607,blocks,False,3,MAX2.0 зависимость между потоками 34.
TD167,P006,T285,T610,requires,False,4,MAX2.0 зависимость между потоками 35.
TD168,P006,T286,T613,related,True,5,MAX2.0 зависимость между потоками 36.
TD169,P006,T287,T616,blocks,False,0,MAX2.0 зависимость между потоками 37.
TD170,P006,T288,T619,requires,False,1,MAX2.0 зависимость между потоками 38.
TD171,P006,T289,T622,related,False,2,MAX2.0 зависимость между потоками 39.
TD172,P006,T290,T625,blocks,False,3,MAX2.0 зависимость между потоками 40.
TD173,P006,T291,T628,requires,True,4,MAX2.0 зависимость между потоками 1.
TD174,P006,T292,T631,related,False,5,MAX2.0 зависимость между потоками 2.
TD175,P006,T293,T634,blocks,False,0,MAX2.0 зависимость между потоками 3.
TD176,P006,T294,T637,requires,False,1,MAX2.0 зависимость между потоками 4.
TD177,P006,T295,T640,related,False,2,MAX2.0 зависимость между потоками 5.
TD178,P006,T296,T643,blocks,True,3,MAX2.0 зависимость между потоками 6.
TD179,P006,T297,T646,requires,False,4,MAX2.0 зависимость между потоками 7.
TD180,P006,T298,T649,related,False,5,MAX2.0 зависимость между потоками 8.
TD181,P006,T299,T652,blocks,False,0,MAX2.0 зависимость между потоками 9.
TD182,P006,T300,T655,requires,False,1,MAX2.0 зависимость между потоками 10.
TD183,P006,T301,T658,related,True,2,MAX2.0 зависимость между потоками 11.
TD184,P006,T302,T661,blocks,False,3,MAX2.0 зависимость между потоками 12.
TD185,P006,T303,T664,requires,False,4,MAX2.0 зависимость между потоками 13.
TD186,P006,T304,T667,related,False,5,MAX2.0 зависимость между потоками 14.
TD187,P006,T305,T670,blocks,False,0,MAX2.0 зависимость между потоками 15.
TD188,P006,T306,T673,requires,True,1,MAX2.0 зависимость между потоками 16.
TD189,P006,T307,T676,related,False,2,MAX2.0 зависимость между потоками 17.
TD190,P006,T308,T679,blocks,False,3,MAX2.0 зависимость между потоками 18.
TD191,P006,T309,T682,requires,False,4,MAX2.0 зависимость между потоками 19.
TD192,P006,T310,T685,related,False,5,MAX2.0 зависимость между потоками 20.
TD193,P006,T311,T688,blocks,True,0,MAX2.0 зависимость между потоками 21.
TD194,P006,T312,T691,requires,False,1,MAX2.0 зависимость между потоками 22.
TD195,P006,T313,T694,related,False,2,MAX2.0 зависимость между потоками 23.
TD196,P006,T314,T697,blocks,False,3,MAX2.0 зависимость между потоками 24.
TD197,P006,T315,T700,requires,False,4,MAX2.0 зависимость между потоками 25.
TD198,P006,T316,T703,related,True,5,MAX2.0 зависимость между потоками 26.
TD199,P006,T317,T706,blocks,False,0,MAX2.0 зависимость между потоками 27.
TD200,P006,T318,T709,requires,False,1,MAX2.0 зависимость между потоками 28.
TD201,P006,T319,T712,related,False,2,MAX2.0 зависимость между потоками 29.
TD202,P006,T320,T715,blocks,False,3,MAX2.0 зависимость между потоками 30.
TD203,P006,T321,T718,requires,True,4,MAX2.0 зависимость между потоками 31.
TD204,P006,T322,T721,related,False,5,MAX2.0 зависимость между потоками 32.
TD205,P006,T323,T724,blocks,False,0,MAX2.0 зависимость между потоками 33.
TD206,P006,T324,T727,requires,False,1,MAX2.0 зависимость между потоками 34.
TD207,P006,T325,T730,related,False,2,MAX2.0 зависимость между потоками 35.
TD208,P006,T326,T733,blocks,True,3,MAX2.0 зависимость между потоками 36.
TD209,P006,T327,T736,requires,False,4,MAX2.0 зависимость между потоками 37.
TD210,P006,T328,T739,related,False,5,MAX2.0 зависимость между потоками 38.
TD211,P006,T329,T742,blocks,False,0,MAX2.0 зависимость между потоками 39.
TD212,P006,T330,T745,requires,False,1,MAX2.0 зависимость между потоками 40.
TD213,P006,T331,T748,related,True,2,MAX2.0 зависимость между потоками 1.
TD214,P006,T332,T751,blocks,False,3,MAX2.0 зависимость между потоками 2.
TD215,P006,T333,T754,requires,False,4,MAX2.0 зависимость между потоками 3.
TD216,P006,T334,T757,related,False,5,MAX2.0 зависимость между потоками 4.
TD217,P006,T335,T760,blocks,False,0,MAX2.0 зависимость между потоками 5.
TD218,P006,T336,T763,requires,True,1,MAX2.0 зависимость между потоками 6.
TD219,P006,T337,T766,related,False,2,MAX2.0 зависимость между потоками 7.
TD220,P006,T338,T769,blocks,False,3,MAX2.0 зависимость между потоками 8.
TD221,P006,T339,T772,requires,False,4,MAX2.0 зависимость между потоками 9.
TD222,P006,T340,T775,related,False,5,MAX2.0 зависимость между потоками 10.
TD223,P006,T341,T778,blocks,True,0,MAX2.0 зависимость между потоками 11.
TD224,P006,T342,T781,requires,False,1,MAX2.0 зависимость между потоками 12.
TD225,P006,T343,T784,related,False,2,MAX2.0 зависимость между потоками 13.
TD226,P006,T344,T787,blocks,False,3,MAX2.0 зависимость между потоками 14.
TD227,P006,T345,T790,requires,False,4,MAX2.0 зависимость между потоками 15.
TD228,P006,T346,T793,related,True,5,MAX2.0 зависимость между потоками 16.
TD229,P006,T347,T796,blocks,False,0,MAX2.0 зависимость между потоками 17.
TD230,P006,T348,T799,requires,False,1,MAX2.0 зависимость между потоками 18.
TD231,P006,T349,T802,related,False,2,MAX2.0 зависимость между потоками 19.
TD232,P006,T350,T805,blocks,False,3,MAX2.0 зависимость между потоками 20.
TD233,P006,T351,T808,requires,True,4,MAX2.0 зависимость между потоками 21.
TD234,P006,T352,T811,related,False,5,MAX2.0 зависимость между потоками 22.
TD235,P006,T353,T814,blocks,False,0,MAX2.0 зависимость между потоками 23.
TD236,P006,T354,T817,requires,False,1,MAX2.0 зависимость между потоками 24.
TD237,P006,T355,T820,related,False,2,MAX2.0 зависимость между потоками 25.
TD238,P006,T356,T823,blocks,True,3,MAX2.0 зависимость между потоками 26.
TD239,P006,T357,T826,requires,False,4,MAX2.0 зависимость между потоками 27.
TD240,P006,T358,T829,related,False,5,MAX2.0 зависимость между потоками 28.
TD241,P006,T359,T832,blocks,False,0,MAX2.0 зависимость между потоками 29.
TD242,P006,T360,T835,requires,False,1,MAX2.0 зависимость между потоками 30.
TD243,P006,T361,T838,related,True,2,MAX2.0 зависимость между потоками 31.
TD244,P006,T362,T841,blocks,False,3,MAX2.0 зависимость между потоками 32.
TD245,P006,T363,T844,requires,False,4,MAX2.0 зависимость между потоками 33.
TD246,P006,T364,T847,related,False,5,MAX2.0 зависимость между потоками 34.
TD247,P006,T365,T850,blocks,False,0,MAX2.0 зависимость между потоками 35.
TD248,P006,T366,T853,requires,True,1,MAX2.0 зависимость между потоками 36.
TD249,P006,T367,T856,related,False,2,MAX2.0 зависимость между потоками 37.
TD250,P006,T368,T859,blocks,False,3,MAX2.0 зависимость между потоками 38.
TD251,P006,T369,T862,requires,False,4,MAX2.0 зависимость между потоками 39.
TD252,P006,T370,T865,related,False,5,MAX2.0 зависимость между потоками 40.
TD253,P006,T371,T868,blocks,True,0,MAX2.0 зависимость между потоками 1.
TD254,P006,T372,T871,requires,False,1,MAX2.0 зависимость между потоками 2.
TD255,P006,T373,T874,related,False,2,MAX2.0 зависимость между потоками 3.
TD256,P006,T374,T877,blocks,False,3,MAX2.0 зависимость между потоками 4.
TD257,P006,T375,T880,requires,False,4,MAX2.0 зависимость между потоками 5.
TD258,P006,T376,T883,related,True,5,MAX2.0 зависимость между потоками 6.
TD259,P006,T377,T886,blocks,False,0,MAX2.0 зависимость между потоками 7.
TD260,P006,T378,T889,requires,False,1,MAX2.0 зависимость между потоками 8.
TD261,P006,T379,T892,related,False,2,MAX2.0 зависимость между потоками 9.
TD262,P006,T380,T895,blocks,False,3,MAX2.0 зависимость между потоками 10.
TD263,P006,T381,T898,requires,True,4,MAX2.0 зависимость между потоками 11.
TD264,P006,T382,T901,related,False,5,MAX2.0 зависимость между потоками 12.
TD265,P006,T383,T904,blocks,False,0,MAX2.0 зависимость между потоками 13.
TD266,P006,T384,T907,requires,False,1,MAX2.0 зависимость между потоками 14.
TD267,P006,T385,T910,related,False,2,MAX2.0 зависимость между потоками 15.
TD268,P006,T386,T913,blocks,True,3,MAX2.0 зависимость между потоками 16.
TD269,P006,T387,T916,requires,False,4,MAX2.0 зависимость между потоками 17.
TD270,P006,T388,T919,related,False,5,MAX2.0 зависимость между потоками 18.
TD271,P006,T389,T922,blocks,False,0,MAX2.0 зависимость между потоками 19.
TD272,P006,T390,T925,requires,False,1,MAX2.0 зависимость между потоками 20.
TD273,P006,T391,T928,related,True,2,MAX2.0 зависимость между потоками 21.
TD274,P006,T392,T931,blocks,False,3,MAX2.0 зависимость между потоками 22.
TD275,P006,T393,T934,requires,False,4,MAX2.0 зависимость между потоками 23.
TD276,P006,T394,T937,related,False,5,MAX2.0 зависимость между потоками 24.
TD277,P006,T395,T940,blocks,False,0,MAX2.0 зависимость между потоками 25.
TD278,P006,T396,T943,requires,True,1,MAX2.0 зависимость между потоками 26.
TD279,P006,T397,T946,related,False,2,MAX2.0 зависимость между потоками 27.
TD280,P006,T398,T949,blocks,False,3,MAX2.0 зависимость между потоками 28.
TD281,P006,T399,T952,requires,False,4,MAX2.0 зависимость между потоками 29.
TD282,P006,T400,T955,related,False,5,MAX2.0 зависимость между потоками 30.
TD283,P006,T401,T958,blocks,True,0,MAX2.0 зависимость между потоками 31.
TD284,P006,T402,T961,requires,False,1,MAX2.0 зависимость между потоками 32.
TD285,P006,T403,T964,related,False,2,MAX2.0 зависимость между потоками 33.
TD286,P006,T404,T967,blocks,False,3,MAX2.0 зависимость между потоками 34.
TD287,P006,T405,T970,requires,False,4,MAX2.0 зависимость между потоками 35.
TD288,P006,T406,T973,related,True,5,MAX2.0 зависимость между потоками 36.
TD289,P006,T407,T976,blocks,False,0,MAX2.0 зависимость между потоками 37.
TD290,P006,T408,T979,requires,False,1,MAX2.0 зависимость между потоками 38.
TD291,P006,T409,T982,related,False,2,MAX2.0 зависимость между потоками 39.
TD292,P006,T410,T985,blocks,False,3,MAX2.0 зависимость между потоками 40.
TD293,P006,T411,T988,requires,True,4,MAX2.0 зависимость между потоками 1.
TD294,P006,T412,T991,related,False,5,MAX2.0 зависимость между потоками 2.
TD295,P006,T413,T994,blocks,False,0,MAX2.0 зависимость между потоками 3.
TD296,P006,T414,T997,requires,False,1,MAX2.0 зависимость между потоками 4.
TD297,P006,T415,T1000,related,False,2,MAX2.0 зависимость между потоками 5.
TD298,P006,T416,T1003,blocks,True,3,MAX2.0 зависимость между потоками 6.
TD299,P006,T417,T1006,requires,False,4,MAX2.0 зависимость между потоками 7.
TD300,P006,T418,T1009,related,False,5,MAX2.0 зависимость между потоками 8.
TD301,P006,T419,T1012,blocks,False,0,MAX2.0 зависимость между потоками 9.
TD302,P006,T420,T1015,requires,False,1,MAX2.0 зависимость между потоками 10.
TD303,P006,T421,T1018,related,True,2,MAX2.0 зависимость между потоками 11.
TD304,P006,T422,T1021,blocks,False,3,MAX2.0 зависимость между потоками 12.
TD305,P006,T423,T1024,requires,False,4,MAX2.0 зависимость между потоками 13.
TD306,P006,T424,T1027,related,False,5,MAX2.0 зависимость между потоками 14.
TD307,P006,T425,T1030,blocks,False,0,MAX2.0 зависимость между потоками 15.
TD308,P006,T426,T1033,requires,True,1,MAX2.0 зависимость между потоками 16.
TD309,P006,T427,T1036,related,False,2,MAX2.0 зависимость между потоками 17.
TD310,P006,T428,T1039,blocks,False,3,MAX2.0 зависимость между потоками 18.
TD311,P006,T429,T1042,requires,False,4,MAX2.0 зависимость между потоками 19.
TD312,P006,T430,T1045,related,False,5,MAX2.0 зависимость между потоками 20.
TD313,P006,T431,T1048,blocks,True,0,MAX2.0 зависимость между потоками 21.
TD314,P006,T432,T1051,requires,False,1,MAX2.0 зависимость между потоками 22.
TD315,P006,T433,T1054,related,False,2,MAX2.0 зависимость между потоками 23.
TD316,P006,T434,T1057,blocks,False,3,MAX2.0 зависимость между потоками 24.
TD317,P006,T435,T1060,requires,False,4,MAX2.0 зависимость между потоками 25.
TD318,P006,T436,T1063,related,True,5,MAX2.0 зависимость между потоками 26.
TD319,P006,T437,T1066,blocks,False,0,MAX2.0 зависимость между потоками 27.
TD320,P006,T438,T1069,requires,False,1,MAX2.0 зависимость между потоками 28.
TD321,P006,T439,T1072,related,False,2,MAX2.0 зависимость между потоками 29.
TD322,P006,T440,T1075,blocks,False,3,MAX2.0 зависимость между потоками 30.
TD323,P006,T441,T1078,requires,True,4,MAX2.0 зависимость между потоками 31.
TD324,P006,T442,T1081,related,False,5,MAX2.0 зависимость между потоками 32.
TD325,P006,T443,T1084,blocks,False,0,MAX2.0 зависимость между потоками 33.
TD326,P006,T444,T1087,requires,False,1,MAX2.0 зависимость между потоками 34.
TD327,P006,T445,T1090,related,False,2,MAX2.0 зависимость между потоками 35.
TD328,P006,T446,T1093,blocks,True,3,MAX2.0 зависимость между потоками 36.
TD329,P006,T447,T1096,requires,False,4,MAX2.0 зависимость между потоками 37.
TD330,P006,T448,T1099,related,False,5,MAX2.0 зависимость между потоками 38.
TD331,P006,T449,T1102,blocks,False,0,MAX2.0 зависимость между потоками 39.
TD332,P006,T450,T1105,requires,False,1,MAX2.0 зависимость между потоками 40.
TD333,P006,T451,T1108,related,True,2,MAX2.0 зависимость между потоками 1.
TD334,P006,T452,T1111,blocks,False,3,MAX2.0 зависимость между потоками 2.
TD335,P006,T453,T1114,requires,False,4,MAX2.0 зависимость между потоками 3.
TD336,P006,T454,T1117,related,False,5,MAX2.0 зависимость между потоками 4.
TD337,P006,T455,T1120,blocks,False,0,MAX2.0 зависимость между потоками 5.
TD338,P006,T456,T1123,requires,True,1,MAX2.0 зависимость между потоками 6.
TD339,P006,T457,T1126,related,False,2,MAX2.0 зависимость между потоками 7.
TD340,P006,T458,T1129,blocks,False,3,MAX2.0 зависимость между потоками 8.
TD341,P006,T459,T1132,requires,False,4,MAX2.0 зависимость между потоками 9.
TD342,P006,T460,T1135,related,False,5,MAX2.0 зависимость между потоками 10.
TD343,P006,T461,T1138,blocks,True,0,MAX2.0 зависимость между потоками 11.
TD344,P006,T462,T1141,requires,False,1,MAX2.0 зависимость между потоками 12.
TD345,P006,T463,T1144,related,False,2,MAX2.0 зависимость между потоками 13.
TD346,P006,T464,T1147,blocks,False,3,MAX2.0 зависимость между потоками 14.
TD347,P006,T465,T1150,requires,False,4,MAX2.0 зависимость между потоками 15.
TD348,P006,T466,T1153,related,True,5,MAX2.0 зависимость между потоками 16.
TD349,P006,T467,T1156,blocks,False,0,MAX2.0 зависимость между потоками 17.
TD350,P006,T468,T1159,requires,False,1,MAX2.0 зависимость между потоками 18.
TD351,P006,T469,T1162,related,False,2,MAX2.0 зависимость между потоками 19.
TD352,P006,T470,T1165,blocks,False,3,MAX2.0 зависимость между потоками 20.
TD353,P006,T471,T1168,requires,True,4,MAX2.0 зависимость между потоками 21.
TD354,P006,T472,T1171,related,False,5,MAX2.0 зависимость между потоками 22.
TD355,P006,T473,T1174,blocks,False,0,MAX2.0 зависимость между потоками 23.
TD356,P006,T474,T1177,requires,False,1,MAX2.0 зависимость между потоками 24.
TD357,P006,T475,T1180,related,False,2,MAX2.0 зависимость между потоками 25.
TD358,P006,T476,T1183,blocks,True,3,MAX2.0 зависимость между потоками 26.
TD359,P006,T477,T1186,requires,False,4,MAX2.0 зависимость между потоками 27.
TD360,P006,T478,T1189,related,False,5,MAX2.0 зависимость между потоками 28.
TD361,P006,T479,T1192,blocks,False,0,MAX2.0 зависимость между потоками 29.
TD362,P006,T480,T1195,requires,False,1,MAX2.0 зависимость между потоками 30.
TD363,P006,T481,T1198,related,True,2,MAX2.0 зависимость между потоками 31.
TD364,P006,T482,T1201,blocks,False,3,MAX2.0 зависимость между потоками 32.
TD365,P006,T483,T1204,requires,False,4,MAX2.0 зависимость между потоками 33.
TD366,P006,T484,T1207,related,False,5,MAX2.0 зависимость между потоками 34.
TD367,P006,T485,T1210,blocks,False,0,MAX2.0 зависимость между потоками 35.
TD368,P006,T486,T1213,requires,True,1,MAX2.0 зависимость между потоками 36.
TD369,P006,T487,T1216,related,False,2,MAX2.0 зависимость между потоками 37.
TD370,P006,T488,T1219,blocks,False,3,MAX2.0 зависимость между потоками 38.
TD371,P006,T489,T1222,requires,False,4,MAX2.0 зависимость между потоками 39.
TD372,P006,T490,T1225,related,False,5,MAX2.0 зависимость между потоками 40.
TD373,P006,T491,T1228,blocks,True,0,MAX2.0 зависимость между потоками 1.
TD374,P006,T492,T1231,requires,False,1,MAX2.0 зависимость между потоками 2.
TD375,P006,T493,T1234,related,False,2,MAX2.0 зависимость между потоками 3.
TD376,P006,T494,T1237,blocks,False,3,MAX2.0 зависимость между потоками 4.
TD377,P006,T495,T1240,requires,False,4,MAX2.0 зависимость между потоками 5.
TD378,P006,T496,T1243,related,True,5,MAX2.0 зависимость между потоками 6.
TD379,P006,T497,T1246,blocks,False,0,MAX2.0 зависимость между потоками 7.
TD380,P006,T498,T1249,requires,False,1,MAX2.0 зависимость между потоками 8.
TD381,P006,T499,T1252,related,False,2,MAX2.0 зависимость между потоками 9.
TD382,P006,T500,T1255,blocks,False,3,MAX2.0 зависимость между потоками 10.
TD383,P006,T501,T1258,requires,True,4,MAX2.0 зависимость между потоками 11.
TD384,P006,T502,T1261,related,False,5,MAX2.0 зависимость между потоками 12.
TD385,P006,T503,T1264,blocks,False,0,MAX2.0 зависимость между потоками 13.
TD386,P006,T504,T1267,requires,False,1,MAX2.0 зависимость между потоками 14.
TD387,P006,T505,T1270,related,False,2,MAX2.0 зависимость между потоками 15.
TD388,P006,T506,T1273,blocks,True,3,MAX2.0 зависимость между потоками 16.
TD389,P006,T507,T1276,requires,False,4,MAX2.0 зависимость между потоками 17.
TD390,P006,T508,T1279,related,False,5,MAX2.0 зависимость между потоками 18.
TD391,P006,T509,T1282,blocks,False,0,MAX2.0 зависимость между потоками 19.
TD392,P006,T510,T1285,requires,False,1,MAX2.0 зависимость между потоками 20.
TD393,P006,T511,T1288,related,True,2,MAX2.0 зависимость между потоками 21.
TD394,P006,T512,T1291,blocks,False,3,MAX2.0 зависимость между потоками 22.
TD395,P006,T513,T1294,requires,False,4,MAX2.0 зависимость между потоками 23.
TD396,P006,T514,T1297,related,False,5,MAX2.0 зависимость между потоками 24.
TD397,P006,T515,T1300,blocks,False,0,MAX2.0 зависимость между потоками 25.
TD398,P006,T516,T1303,requires,True,1,MAX2.0 зависимость между потоками 26.
TD399,P006,T517,T1306,related,False,2,MAX2.0 зависимость между потоками 27.
TD400,P006,T518,T1309,blocks,False,3,MAX2.0 зависимость между потоками 28.
TD401,P006,T519,T1312,requires,False,4,MAX2.0 зависимость между потоками 29.
TD402,P006,T520,T1315,related,False,5,MAX2.0 зависимость между потоками 30.
TD403,P006,T521,T1318,blocks,True,0,MAX2.0 зависимость между потоками 31.
TD404,P006,T522,T1321,requires,False,1,MAX2.0 зависимость между потоками 32.
TD405,P006,T523,T1324,related,False,2,MAX2.0 зависимость между потоками 33.
TD406,P006,T524,T1327,blocks,False,3,MAX2.0 зависимость между потоками 34.
TD407,P006,T525,T1330,requires,False,4,MAX2.0 зависимость между потоками 35.
TD408,P006,T526,T133,related,True,5,MAX2.0 зависимость между потоками 36.
TD409,P006,T527,T136,blocks,False,0,MAX2.0 зависимость между потоками 37.
TD410,P006,T528,T139,requires,False,1,MAX2.0 зависимость между потоками 38.
TD411,P006,T529,T142,related,False,2,MAX2.0 зависимость между потоками 39.
TD412,P006,T530,T145,blocks,False,3,MAX2.0 зависимость между потоками 40.
TD413,P006,T531,T148,requires,True,4,MAX2.0 зависимость между потоками 1.
TD414,P006,T532,T151,related,False,5,MAX2.0 зависимость между потоками 2.
TD415,P006,T533,T154,blocks,False,0,MAX2.0 зависимость между потоками 3.
TD416,P006,T534,T157,requires,False,1,MAX2.0 зависимость между потоками 4.
TD417,P006,T535,T160,related,False,2,MAX2.0 зависимость между потоками 5.
TD418,P006,T536,T163,blocks,True,3,MAX2.0 зависимость между потоками 6.
TD419,P006,T537,T166,requires,False,4,MAX2.0 зависимость между потоками 7.
TD420,P006,T538,T169,related,False,5,MAX2.0 зависимость между потоками 8.
TD421,P006,T539,T172,blocks,False,0,MAX2.0 зависимость между потоками 9.
TD422,P006,T540,T175,requires,False,1,MAX2.0 зависимость между потоками 10.
TD423,P006,T541,T178,related,True,2,MAX2.0 зависимость между потоками 11.
TD424,P006,T542,T181,blocks,False,3,MAX2.0 зависимость между потоками 12.
TD425,P006,T543,T184,requires,False,4,MAX2.0 зависимость между потоками 13.
TD426,P006,T544,T187,related,False,5,MAX2.0 зависимость между потоками 14.
TD427,P006,T545,T190,blocks,False,0,MAX2.0 зависимость между потоками 15.
TD428,P006,T546,T193,requires,True,1,MAX2.0 зависимость между потоками 16.
TD429,P006,T547,T196,related,False,2,MAX2.0 зависимость между потоками 17.
TD430,P006,T548,T199,blocks,False,3,MAX2.0 зависимость между потоками 18.
TD431,P006,T549,T202,requires,False,4,MAX2.0 зависимость между потоками 19.
TD432,P006,T550,T205,related,False,5,MAX2.0 зависимость между потоками 20.
TD433,P006,T551,T208,blocks,True,0,MAX2.0 зависимость между потоками 21.
TD434,P006,T552,T211,requires,False,1,MAX2.0 зависимость между потоками 22.
TD435,P006,T553,T214,related,False,2,MAX2.0 зависимость между потоками 23.
TD436,P006,T554,T217,blocks,False,3,MAX2.0 зависимость между потоками 24.
TD437,P006,T555,T220,requires,False,4,MAX2.0 зависимость между потоками 25.
TD438,P006,T556,T223,related,True,5,MAX2.0 зависимость между потоками 26.
TD439,P006,T557,T226,blocks,False,0,MAX2.0 зависимость между потоками 27.
TD440,P006,T558,T229,requires,False,1,MAX2.0 зависимость между потоками 28.
TD441,P006,T559,T232,related,False,2,MAX2.0 зависимость между потоками 29.
TD442,P006,T560,T235,blocks,False,3,MAX2.0 зависимость между потоками 30.
TD443,P006,T561,T238,requires,True,4,MAX2.0 зависимость между потоками 31.
TD444,P006,T562,T241,related,False,5,MAX2.0 зависимость между потоками 32.
TD445,P006,T563,T244,blocks,False,0,MAX2.0 зависимость между потоками 33.
TD446,P006,T564,T247,requires,False,1,MAX2.0 зависимость между потоками 34.
TD447,P006,T565,T250,related,False,2,MAX2.0 зависимость между потоками 35.
TD448,P006,T566,T253,blocks,True,3,MAX2.0 зависимость между потоками 36.
TD449,P006,T567,T256,requires,False,4,MAX2.0 зависимость между потоками 37.
TD450,P006,T568,T259,related,False,5,MAX2.0 зависимость между потоками 38.
TD451,P006,T569,T262,blocks,False,0,MAX2.0 зависимость между потоками 39.
TD452,P006,T570,T265,requires,False,1,MAX2.0 зависимость между потоками 40.
TD453,P006,T571,T268,related,True,2,MAX2.0 зависимость между потоками 1.
TD454,P006,T572,T271,blocks,False,3,MAX2.0 зависимость между потоками 2.
TD455,P006,T573,T274,requires,False,4,MAX2.0 зависимость между потоками 3.
TD456,P006,T574,T277,related,False,5,MAX2.0 зависимость между потоками 4.
TD457,P006,T575,T280,blocks,False,0,MAX2.0 зависимость между потоками 5.
TD458,P006,T576,T283,requires,True,1,MAX2.0 зависимость между потоками 6.
TD459,P006,T577,T286,related,False,2,MAX2.0 зависимость между потоками 7.
TD460,P006,T578,T289,blocks,False,3,MAX2.0 зависимость между потоками 8.
TD461,P006,T579,T292,requires,False,4,MAX2.0 зависимость между потоками 9.
TD462,P006,T580,T295,related,False,5,MAX2.0 зависимость между потоками 10.
TD463,P006,T581,T298,blocks,True,0,MAX2.0 зависимость между потоками 11.
TD464,P006,T582,T301,requires,False,1,MAX2.0 зависимость между потоками 12.
TD465,P006,T583,T304,related,False,2,MAX2.0 зависимость между потоками 13.
TD466,P006,T584,T307,blocks,False,3,MAX2.0 зависимость между потоками 14.
TD467,P006,T585,T310,requires,False,4,MAX2.0 зависимость между потоками 15.
TD468,P006,T586,T313,related,True,5,MAX2.0 зависимость между потоками 16.
TD469,P006,T587,T316,blocks,False,0,MAX2.0 зависимость между потоками 17.
TD470,P006,T588,T319,requires,False,1,MAX2.0 зависимость между потоками 18.
TD471,P006,T589,T322,related,False,2,MAX2.0 зависимость между потоками 19.
TD472,P006,T590,T325,blocks,False,3,MAX2.0 зависимость между потоками 20.
TD473,P006,T591,T328,requires,True,4,MAX2.0 зависимость между потоками 21.
TD474,P006,T592,T331,related,False,5,MAX2.0 зависимость между потоками 22.
TD475,P006,T593,T334,blocks,False,0,MAX2.0 зависимость между потоками 23.
TD476,P006,T594,T337,requires,False,1,MAX2.0 зависимость между потоками 24.
TD477,P006,T595,T340,related,False,2,MAX2.0 зависимость между потоками 25.
TD478,P006,T596,T343,blocks,True,3,MAX2.0 зависимость между потоками 26.
TD479,P006,T597,T346,requires,False,4,MAX2.0 зависимость между потоками 27.
TD480,P006,T598,T349,related,False,5,MAX2.0 зависимость между потоками 28.
TD481,P006,T599,T352,blocks,False,0,MAX2.0 зависимость между потоками 29.
TD482,P006,T600,T355,requires,False,1,MAX2.0 зависимость между потоками 30.
TD483,P006,T601,T358,related,True,2,MAX2.0 зависимость между потоками 31.
TD484,P006,T602,T361,blocks,False,3,MAX2.0 зависимость между потоками 32.
TD485,P006,T603,T364,requires,False,4,MAX2.0 зависимость между потоками 33.
TD486,P006,T604,T367,related,False,5,MAX2.0 зависимость между потоками 34.
TD487,P006,T605,T370,blocks,False,0,MAX2.0 зависимость между потоками 35.
TD488,P006,T606,T373,requires,True,1,MAX2.0 зависимость между потоками 36.
TD489,P006,T607,T376,related,False,2,MAX2.0 зависимость между потоками 37.
TD490,P006,T608,T379,blocks,False,3,MAX2.0 зависимость между потоками 38.
TD491,P006,T609,T382,requires,False,4,MAX2.0 зависимость между потоками 39.
TD492,P006,T610,T385,related,False,5,MAX2.0 зависимость между потоками 40.
TD493,P006,T611,T388,blocks,True,0,MAX2.0 зависимость между потоками 1.
TD494,P006,T612,T391,requires,False,1,MAX2.0 зависимость между потоками 2.
TD495,P006,T613,T394,related,False,2,MAX2.0 зависимость между потоками 3.
TD496,P006,T614,T397,blocks,False,3,MAX2.0 зависимость между потоками 4.
TD497,P006,T615,T400,requires,False,4,MAX2.0 зависимость между потоками 5.
TD498,P006,T616,T403,related,True,5,MAX2.0 зависимость между потоками 6.
TD499,P006,T617,T406,blocks,False,0,MAX2.0 зависимость между потоками 7.
TD500,P006,T618,T409,requires,False,1,MAX2.0 зависимость между потоками 8.
TD501,P006,T619,T412,related,False,2,MAX2.0 зависимость между потоками 9.
TD502,P006,T620,T415,blocks,False,3,MAX2.0 зависимость между потоками 10.
TD503,P006,T621,T418,requires,True,4,MAX2.0 зависимость между потоками 11.
TD504,P006,T622,T421,related,False,5,MAX2.0 зависимость между потоками 12.
TD505,P006,T623,T424,blocks,False,0,MAX2.0 зависимость между потоками 13.
TD506,P006,T624,T427,requires,False,1,MAX2.0 зависимость между потоками 14.
TD507,P006,T625,T430,related,False,2,MAX2.0 зависимость между потоками 15.
TD508,P006,T626,T433,blocks,True,3,MAX2.0 зависимость между потоками 16.
TD509,P006,T627,T436,requires,False,4,MAX2.0 зависимость между потоками 17.
TD510,P006,T628,T439,related,False,5,MAX2.0 зависимость между потоками 18.
TD511,P006,T629,T442,blocks,False,0,MAX2.0 зависимость между потоками 19.
TD512,P006,T630,T445,requires,False,1,MAX2.0 зависимость между потоками 20.
TD513,P006,T631,T448,related,True,2,MAX2.0 зависимость между потоками 21.
TD514,P006,T632,T451,blocks,False,3,MAX2.0 зависимость между потоками 22.
TD515,P006,T633,T454,requires,False,4,MAX2.0 зависимость между потоками 23.
TD516,P006,T634,T457,related,False,5,MAX2.0 зависимость между потоками 24.
TD517,P006,T635,T460,blocks,False,0,MAX2.0 зависимость между потоками 25.
TD518,P006,T636,T463,requires,True,1,MAX2.0 зависимость между потоками 26.
TD519,P006,T637,T466,related,False,2,MAX2.0 зависимость между потоками 27.
TD520,P006,T638,T469,blocks,False,3,MAX2.0 зависимость между потоками 28.
TD521,P006,T639,T472,requires,False,4,MAX2.0 зависимость между потоками 29.
TD522,P006,T640,T475,related,False,5,MAX2.0 зависимость между потоками 30.
TD523,P006,T641,T478,blocks,True,0,MAX2.0 зависимость между потоками 31.
TD524,P006,T642,T481,requires,False,1,MAX2.0 зависимость между потоками 32.
TD525,P006,T643,T484,related,False,2,MAX2.0 зависимость между потоками 33.
TD526,P006,T644,T487,blocks,False,3,MAX2.0 зависимость между потоками 34.
TD527,P006,T645,T490,requires,False,4,MAX2.0 зависимость между потоками 35.
TD528,P006,T646,T493,related,True,5,MAX2.0 зависимость между потоками 36.
TD529,P006,T647,T496,blocks,False,0,MAX2.0 зависимость между потоками 37.
TD530,P006,T648,T499,requires,False,1,MAX2.0 зависимость между потоками 38.
TD531,P006,T649,T502,related,False,2,MAX2.0 зависимость между потоками 39.
TD532,P006,T650,T505,blocks,False,3,MAX2.0 зависимость между потоками 40.
TD533,P006,T651,T508,requires,True,4,MAX2.0 зависимость между потоками 1.
TD534,P006,T652,T511,related,False,5,MAX2.0 зависимость между потоками 2.
TD535,P006,T653,T514,blocks,False,0,MAX2.0 зависимость между потоками 3.
TD536,P006,T654,T517,requires,False,1,MAX2.0 зависимость между потоками 4.
TD537,P006,T655,T520,related,False,2,MAX2.0 зависимость между потоками 5.
TD538,P006,T656,T523,blocks,True,3,MAX2.0 зависимость между потоками 6.
TD539,P006,T657,T526,requires,False,4,MAX2.0 зависимость между потоками 7.
TD540,P006,T658,T529,related,False,5,MAX2.0 зависимость между потоками 8.
TD541,P006,T659,T532,blocks,False,0,MAX2.0 зависимость между потоками 9.
TD542,P006,T660,T535,requires,False,1,MAX2.0 зависимость между потоками 10.
TD543,P006,T661,T538,related,True,2,MAX2.0 зависимость между потоками 11.
TD544,P006,T662,T541,blocks,False,3,MAX2.0 зависимость между потоками 12.
TD545,P006,T663,T544,requires,False,4,MAX2.0 зависимость между потоками 13.
TD546,P006,T664,T547,related,False,5,MAX2.0 зависимость между потоками 14.
TD547,P006,T665,T550,blocks,False,0,MAX2.0 зависимость между потоками 15.
TD548,P006,T666,T553,requires,True,1,MAX2.0 зависимость между потоками 16.
TD549,P006,T667,T556,related,False,2,MAX2.0 зависимость между потоками 17.
TD550,P006,T668,T559,blocks,False,3,MAX2.0 зависимость между потоками 18.
TD551,P006,T669,T562,requires,False,4,MAX2.0 зависимость между потоками 19.
TD552,P006,T670,T565,related,False,5,MAX2.0 зависимость между потоками 20.
TD553,P006,T671,T568,blocks,True,0,MAX2.0 зависимость между потоками 21.
TD554,P006,T672,T571,requires,False,1,MAX2.0 зависимость между потоками 22.
TD555,P006,T673,T574,related,False,2,MAX2.0 зависимость между потоками 23.
TD556,P006,T674,T577,blocks,False,3,MAX2.0 зависимость между потоками 24.
TD557,P006,T675,T580,requires,False,4,MAX2.0 зависимость между потоками 25.
TD558,P006,T676,T583,related,True,5,MAX2.0 зависимость между потоками 26.
TD559,P006,T677,T586,blocks,False,0,MAX2.0 зависимость между потоками 27.
TD560,P006,T678,T589,requires,False,1,MAX2.0 зависимость между потоками 28.
TD561,P006,T679,T592,related,False,2,MAX2.0 зависимость между потоками 29.
TD562,P006,T680,T595,blocks,False,3,MAX2.0 зависимость между потоками 30.
TD563,P006,T681,T598,requires,True,4,MAX2.0 зависимость между потоками 31.
TD564,P006,T682,T601,related,False,5,MAX2.0 зависимость между потоками 32.
TD565,P006,T683,T604,blocks,False,0,MAX2.0 зависимость между потоками 33.
TD566,P006,T684,T607,requires,False,1,MAX2.0 зависимость между потоками 34.
TD567,P006,T685,T610,related,False,2,MAX2.0 зависимость между потоками 35.
TD568,P006,T686,T613,blocks,True,3,MAX2.0 зависимость между потоками 36.
TD569,P006,T687,T616,requires,False,4,MAX2.0 зависимость между потоками 37.
TD570,P006,T688,T619,related,False,5,MAX2.0 зависимость между потоками 38.
TD571,P006,T689,T622,blocks,False,0,MAX2.0 зависимость между потоками 39.
TD572,P006,T690,T625,requires,False,1,MAX2.0 зависимость между потоками 40.
TD573,P006,T691,T628,related,True,2,MAX2.0 зависимость между потоками 1.
TD574,P006,T692,T631,blocks,False,3,MAX2.0 зависимость между потоками 2.
TD575,P006,T693,T634,requires,False,4,MAX2.0 зависимость между потоками 3.
TD576,P006,T694,T637,related,False,5,MAX2.0 зависимость между потоками 4.
TD577,P006,T695,T640,blocks,False,0,MAX2.0 зависимость между потоками 5.
TD578,P006,T696,T643,requires,True,1,MAX2.0 зависимость между потоками 6.
TD579,P006,T697,T646,related,False,2,MAX2.0 зависимость между потоками 7.
TD580,P006,T698,T649,blocks,False,3,MAX2.0 зависимость между потоками 8.
TD581,P006,T699,T652,requires,False,4,MAX2.0 зависимость между потоками 9.
TD582,P006,T700,T655,related,False,5,MAX2.0 зависимость между потоками 10.
TD583,P006,T701,T658,blocks,True,0,MAX2.0 зависимость между потоками 11.
TD584,P006,T702,T661,requires,False,1,MAX2.0 зависимость между потоками 12.
TD585,P006,T703,T664,related,False,2,MAX2.0 зависимость между потоками 13.
TD586,P006,T704,T667,blocks,False,3,MAX2.0 зависимость между потоками 14.
TD587,P006,T705,T670,requires,False,4,MAX2.0 зависимость между потоками 15.
TD588,P006,T706,T673,related,True,5,MAX2.0 зависимость между потоками 16.
TD589,P006,T707,T676,blocks,False,0,MAX2.0 зависимость между потоками 17.
TD590,P006,T708,T679,requires,False,1,MAX2.0 зависимость между потоками 18.
TD591,P006,T709,T682,related,False,2,MAX2.0 зависимость между потоками 19.
TD592,P006,T710,T685,blocks,False,3,MAX2.0 зависимость между потоками 20.
TD593,P006,T711,T688,requires,True,4,MAX2.0 зависимость между потоками 21.
TD594,P006,T712,T691,related,False,5,MAX2.0 зависимость между потоками 22.
TD595,P006,T713,T694,blocks,False,0,MAX2.0 зависимость между потоками 23.
TD596,P006,T714,T697,requires,False,1,MAX2.0 зависимость между потоками 24.
TD597,P006,T715,T700,related,False,2,MAX2.0 зависимость между потоками 25.
TD598,P006,T716,T703,blocks,True,3,MAX2.0 зависимость между потоками 26.
TD599,P006,T717,T706,requires,False,4,MAX2.0 зависимость между потоками 27.
TD600,P006,T718,T709,related,False,5,MAX2.0 зависимость между потоками 28.
TD601,P006,T719,T712,blocks,False,0,MAX2.0 зависимость между потоками 29.
TD602,P006,T720,T715,requires,False,1,MAX2.0 зависимость между потоками 30.
TD603,P006,T721,T718,related,True,2,MAX2.0 зависимость между потоками 31.
TD604,P006,T722,T721,blocks,False,3,MAX2.0 зависимость между потоками 32.
TD605,P006,T723,T724,requires,False,4,MAX2.0 зависимость между потоками 33.
TD606,P006,T724,T727,related,False,5,MAX2.0 зависимость между потоками 34.
TD607,P006,T725,T730,blocks,False,0,MAX2.0 зависимость между потоками 35.
TD608,P006,T726,T733,requires,True,1,MAX2.0 зависимость между потоками 36.
TD609,P006,T727,T736,related,False,2,MAX2.0 зависимость между потоками 37.
TD610,P006,T728,T739,blocks,False,3,MAX2.0 зависимость между потоками 38.
TD611,P006,T729,T742,requires,False,4,MAX2.0 зависимость между потоками 39.
TD612,P006,T730,T745,related,False,5,MAX2.0 зависимость между потоками 40.
TD613,P006,T731,T748,blocks,True,0,MAX2.0 зависимость между потоками 1.
TD614,P006,T732,T751,requires,False,1,MAX2.0 зависимость между потоками 2.
TD615,P006,T733,T754,related,False,2,MAX2.0 зависимость между потоками 3.
TD616,P006,T734,T757,blocks,False,3,MAX2.0 зависимость между потоками 4.
TD617,P006,T735,T760,requires,False,4,MAX2.0 зависимость между потоками 5.
TD618,P006,T736,T763,related,True,5,MAX2.0 зависимость между потоками 6.
TD619,P006,T737,T766,blocks,False,0,MAX2.0 зависимость между потоками 7.
TD620,P006,T738,T769,requires,False,1,MAX2.0 зависимость между потоками 8.
TD621,P006,T739,T772,related,False,2,MAX2.0 зависимость между потоками 9.
TD622,P006,T740,T775,blocks,False,3,MAX2.0 зависимость между потоками 10.
TD623,P006,T741,T778,requires,True,4,MAX2.0 зависимость между потоками 11.
TD624,P006,T742,T781,related,False,5,MAX2.0 зависимость между потоками 12.
TD625,P006,T743,T784,blocks,False,0,MAX2.0 зависимость между потоками 13.
TD626,P006,T744,T787,requires,False,1,MAX2.0 зависимость между потоками 14.
TD627,P006,T745,T790,related,False,2,MAX2.0 зависимость между потоками 15.
TD628,P006,T746,T793,blocks,True,3,MAX2.0 зависимость между потоками 16.
TD629,P006,T747,T796,requires,False,4,MAX2.0 зависимость между потоками 17.
TD630,P006,T748,T799,related,False,5,MAX2.0 зависимость между потоками 18.
TD631,P006,T749,T802,blocks,False,0,MAX2.0 зависимость между потоками 19.
TD632,P006,T750,T805,requires,False,1,MAX2.0 зависимость между потоками 20.
TD633,P006,T751,T808,related,True,2,MAX2.0 зависимость между потоками 21.
TD634,P006,T752,T811,blocks,False,3,MAX2.0 зависимость между потоками 22.
TD635,P006,T753,T814,requires,False,4,MAX2.0 зависимость между потоками 23.
TD636,P006,T754,T817,related,False,5,MAX2.0 зависимость между потоками 24.
TD637,P006,T755,T820,blocks,False,0,MAX2.0 зависимость между потоками 25.
TD638,P006,T756,T823,requires,True,1,MAX2.0 зависимость между потоками 26.
TD639,P006,T757,T826,related,False,2,MAX2.0 зависимость между потоками 27.
TD640,P006,T758,T829,blocks,False,3,MAX2.0 зависимость между потоками 28.
TD641,P006,T759,T832,requires,False,4,MAX2.0 зависимость между потоками 29.
TD642,P006,T760,T835,related,False,5,MAX2.0 зависимость между потоками 30.
TD643,P006,T761,T838,blocks,True,0,MAX2.0 зависимость между потоками 31.
TD644,P006,T762,T841,requires,False,1,MAX2.0 зависимость между потоками 32.
TD645,P006,T763,T844,related,False,2,MAX2.0 зависимость между потоками 33.
TD646,P006,T764,T847,blocks,False,3,MAX2.0 зависимость между потоками 34.
TD647,P006,T765,T850,requires,False,4,MAX2.0 зависимость между потоками 35.
TD648,P006,T766,T853,related,True,5,MAX2.0 зависимость между потоками 36.
TD649,P006,T767,T856,blocks,False,0,MAX2.0 зависимость между потоками 37.
TD650,P006,T768,T859,requires,False,1,MAX2.0 зависимость между потоками 38.
TD651,P006,T769,T862,related,False,2,MAX2.0 зависимость между потоками 39.
TD652,P006,T770,T865,blocks,False,3,MAX2.0 зависимость между потоками 40.
TD653,P006,T771,T868,requires,True,4,MAX2.0 зависимость между потоками 1.
TD654,P006,T772,T871,related,False,5,MAX2.0 зависимость между потоками 2.
TD655,P006,T773,T874,blocks,False,0,MAX2.0 зависимость между потоками 3.
TD656,P006,T774,T877,requires,False,1,MAX2.0 зависимость между потоками 4.
TD657,P006,T775,T880,related,False,2,MAX2.0 зависимость между потоками 5.
TD658,P006,T776,T883,blocks,True,3,MAX2.0 зависимость между потоками 6.
TD659,P006,T777,T886,requires,False,4,MAX2.0 зависимость между потоками 7.
TD660,P006,T778,T889,related,False,5,MAX2.0 зависимость между потоками 8.
TD661,P006,T779,T892,blocks,False,0,MAX2.0 зависимость между потоками 9.
TD662,P006,T780,T895,requires,False,1,MAX2.0 зависимость между потоками 10.
TD663,P006,T781,T898,related,True,2,MAX2.0 зависимость между потоками 11.
TD664,P006,T782,T901,blocks,False,3,MAX2.0 зависимость между потоками 12.
TD665,P006,T783,T904,requires,False,4,MAX2.0 зависимость между потоками 13.
TD666,P006,T784,T907,related,False,5,MAX2.0 зависимость между потоками 14.
TD667,P006,T785,T910,blocks,False,0,MAX2.0 зависимость между потоками 15.
TD668,P006,T786,T913,requires,True,1,MAX2.0 зависимость между потоками 16.
TD669,P006,T787,T916,related,False,2,MAX2.0 зависимость между потоками 17.
TD670,P006,T788,T919,blocks,False,3,MAX2.0 зависимость между потоками 18.
TD671,P006,T789,T922,requires,False,4,MAX2.0 зависимость между потоками 19.
TD672,P006,T790,T925,related,False,5,MAX2.0 зависимость между потоками 20.
TD673,P006,T791,T928,blocks,True,0,MAX2.0 зависимость между потоками 21.
TD674,P006,T792,T931,requires,False,1,MAX2.0 зависимость между потоками 22.
TD675,P006,T793,T934,related,False,2,MAX2.0 зависимость между потоками 23.
TD676,P006,T794,T937,blocks,False,3,MAX2.0 зависимость между потоками 24.
TD677,P006,T795,T940,requires,False,4,MAX2.0 зависимость между потоками 25.
TD678,P006,T796,T943,related,True,5,MAX2.0 зависимость между потоками 26.
TD679,P006,T797,T946,blocks,False,0,MAX2.0 зависимость между потоками 27.
TD680,P006,T798,T949,requires,False,1,MAX2.0 зависимость между потоками 28.
TD681,P006,T799,T952,related,False,2,MAX2.0 зависимость между потоками 29.
TD682,P006,T800,T955,blocks,False,3,MAX2.0 зависимость между потоками 30.
TD683,P006,T801,T958,requires,True,4,MAX2.0 зависимость между потоками 31.
TD684,P006,T802,T961,related,False,5,MAX2.0 зависимость между потоками 32.
TD685,P006,T803,T964,blocks,False,0,MAX2.0 зависимость между потоками 33.
TD686,P006,T804,T967,requires,False,1,MAX2.0 зависимость между потоками 34.
TD687,P006,T805,T970,related,False,2,MAX2.0 зависимость между потоками 35.
TD688,P006,T806,T973,blocks,True,3,MAX2.0 зависимость между потоками 36.
TD689,P006,T807,T976,requires,False,4,MAX2.0 зависимость между потоками 37.
TD690,P006,T808,T979,related,False,5,MAX2.0 зависимость между потоками 38.
TD691,P006,T809,T982,blocks,False,0,MAX2.0 зависимость между потоками 39.
TD692,P006,T810,T985,requires,False,1,MAX2.0 зависимость между потоками 40.
TD693,P006,T811,T988,related,True,2,MAX2.0 зависимость между потоками 1.
TD694,P006,T812,T991,blocks,False,3,MAX2.0 зависимость между потоками 2.
TD695,P006,T813,T994,requires,False,4,MAX2.0 зависимость между потоками 3.
TD696,P006,T814,T997,related,False,5,MAX2.0 зависимость между потоками 4.
TD697,P006,T815,T1000,blocks,False,0,MAX2.0 зависимость между потоками 5.
TD698,P006,T816,T1003,requires,True,1,MAX2.0 зависимость между потоками 6.
TD699,P006,T817,T1006,related,False,2,MAX2.0 зависимость между потоками 7.
TD700,P006,T818,T1009,blocks,False,3,MAX2.0 зависимость между потоками 8.
TD701,P006,T819,T1012,requires,False,4,MAX2.0 зависимость между потоками 9.
TD702,P006,T820,T1015,related,False,5,MAX2.0 зависимость между потоками 10.
TD703,P006,T821,T1018,blocks,True,0,MAX2.0 зависимость между потоками 11.
TD704,P006,T822,T1021,requires,False,1,MAX2.0 зависимость между потоками 12.
TD705,P006,T823,T1024,related,False,2,MAX2.0 зависимость между потоками 13.
TD706,P006,T824,T1027,blocks,False,3,MAX2.0 зависимость между потоками 14.
TD707,P006,T825,T1030,requires,False,4,MAX2.0 зависимость между потоками 15.
TD708,P006,T826,T1033,related,True,5,MAX2.0 зависимость между потоками 16.
TD709,P006,T827,T1036,blocks,False,0,MAX2.0 зависимость между потоками 17.
TD710,P006,T828,T1039,requires,False,1,MAX2.0 зависимость между потоками 18.
TD711,P006,T829,T1042,related,False,2,MAX2.0 зависимость между потоками 19.
TD712,P006,T830,T1045,blocks,False,3,MAX2.0 зависимость между потоками 20.
TD713,P006,T831,T1048,requires,True,4,MAX2.0 зависимость между потоками 21.
TD714,P006,T832,T1051,related,False,5,MAX2.0 зависимость между потоками 22.
TD715,P006,T833,T1054,blocks,False,0,MAX2.0 зависимость между потоками 23.
TD716,P006,T834,T1057,requires,False,1,MAX2.0 зависимость между потоками 24.
TD717,P006,T835,T1060,related,False,2,MAX2.0 зависимость между потоками 25.
TD718,P006,T836,T1063,blocks,True,3,MAX2.0 зависимость между потоками 26.
TD719,P006,T837,T1066,requires,False,4,MAX2.0 зависимость между потоками 27.
TD720,P006,T838,T1069,related,False,5,MAX2.0 зависимость между потоками 28.
TD721,P006,T839,T1072,blocks,False,0,MAX2.0 зависимость между потоками 29.
TD722,P006,T840,T1075,requires,False,1,MAX2.0 зависимость между потоками 30.
TD723,P006,T841,T1078,related,True,2,MAX2.0 зависимость между потоками 31.
TD724,P006,T842,T1081,blocks,False,3,MAX2.0 зависимость между потоками 32.
TD725,P006,T843,T1084,requires,False,4,MAX2.0 зависимость между потоками 33.
TD726,P006,T844,T1087,related,False,5,MAX2.0 зависимость между потоками 34.
TD727,P006,T845,T1090,blocks,False,0,MAX2.0 зависимость между потоками 35.
TD728,P006,T846,T1093,requires,True,1,MAX2.0 зависимость между потоками 36.
TD729,P006,T847,T1096,related,False,2,MAX2.0 зависимость между потоками 37.
TD730,P006,T848,T1099,blocks,False,3,MAX2.0 зависимость между потоками 38.
TD731,P006,T849,T1102,requires,False,4,MAX2.0 зависимость между потоками 39.
TD732,P006,T850,T1105,related,False,5,MAX2.0 зависимость между потоками 40.
TD733,P006,T851,T1108,blocks,True,0,MAX2.0 зависимость между потоками 1.
TD734,P006,T852,T1111,requires,False,1,MAX2.0 зависимость между потоками 2.
TD735,P006,T853,T1114,related,False,2,MAX2.0 зависимость между потоками 3.
TD736,P006,T854,T1117,blocks,False,3,MAX2.0 зависимость между потоками 4.
TD737,P006,T855,T1120,requires,False,4,MAX2.0 зависимость между потоками 5.
TD738,P006,T856,T1123,related,True,5,MAX2.0 зависимость между потоками 6.
TD739,P006,T857,T1126,blocks,False,0,MAX2.0 зависимость между потоками 7.
TD740,P006,T858,T1129,requires,False,1,MAX2.0 зависимость между потоками 8.
TD741,P006,T859,T1132,related,False,2,MAX2.0 зависимость между потоками 9.
TD742,P006,T860,T1135,blocks,False,3,MAX2.0 зависимость между потоками 10.
TD743,P006,T861,T1138,requires,True,4,MAX2.0 зависимость между потоками 11.
TD744,P006,T862,T1141,related,False,5,MAX2.0 зависимость между потоками 12.
TD745,P006,T863,T1144,blocks,False,0,MAX2.0 зависимость между потоками 13.
TD746,P006,T864,T1147,requires,False,1,MAX2.0 зависимость между потоками 14.
TD747,P006,T865,T1150,related,False,2,MAX2.0 зависимость между потоками 15.
TD748,P006,T866,T1153,blocks,True,3,MAX2.0 зависимость между потоками 16.
TD749,P006,T867,T1156,requires,False,4,MAX2.0 зависимость между потоками 17.
TD750,P006,T868,T1159,related,False,5,MAX2.0 зависимость между потоками 18.
TD751,P006,T869,T1162,blocks,False,0,MAX2.0 зависимость между потоками 19.
TD752,P006,T870,T1165,requires,False,1,MAX2.0 зависимость между потоками 20.
TD753,P006,T871,T1168,related,True,2,MAX2.0 зависимость между потоками 21.
TD754,P006,T872,T1171,blocks,False,3,MAX2.0 зависимость между потоками 22.
TD755,P006,T873,T1174,requires,False,4,MAX2.0 зависимость между потоками 23.
TD756,P006,T874,T1177,related,False,5,MAX2.0 зависимость между потоками 24.
TD757,P006,T875,T1180,blocks,False,0,MAX2.0 зависимость между потоками 25.
TD758,P006,T876,T1183,requires,True,1,MAX2.0 зависимость между потоками 26.
TD759,P006,T877,T1186,related,False,2,MAX2.0 зависимость между потоками 27.
TD760,P006,T878,T1189,blocks,False,3,MAX2.0 зависимость между потоками 28.
TD761,P006,T879,T1192,requires,False,4,MAX2.0 зависимость между потоками 29.
TD762,P006,T880,T1195,related,False,5,MAX2.0 зависимость между потоками 30.
TD763,P006,T881,T1198,blocks,True,0,MAX2.0 зависимость между потоками 31.
TD764,P006,T882,T1201,requires,False,1,MAX2.0 зависимость между потоками 32.
TD765,P006,T883,T1204,related,False,2,MAX2.0 зависимость между потоками 33.
TD766,P006,T884,T1207,blocks,False,3,MAX2.0 зависимость между потоками 34.
TD767,P006,T885,T1210,requires,False,4,MAX2.0 зависимость между потоками 35.
TD768,P006,T886,T1213,related,True,5,MAX2.0 зависимость между потоками 36.
TD769,P006,T887,T1216,blocks,False,0,MAX2.0 зависимость между потоками 37.
TD770,P006,T888,T1219,requires,False,1,MAX2.0 зависимость между потоками 38.
TD771,P006,T889,T1222,related,False,2,MAX2.0 зависимость между потоками 39.
TD772,P006,T890,T1225,blocks,False,3,MAX2.0 зависимость между потоками 40.
TD773,P006,T891,T1228,requires,True,4,MAX2.0 зависимость между потоками 1.
TD774,P006,T892,T1231,related,False,5,MAX2.0 зависимость между потоками 2.
TD775,P006,T893,T1234,blocks,False,0,MAX2.0 зависимость между потоками 3.
TD776,P006,T894,T1237,requires,False,1,MAX2.0 зависимость между потоками 4.
TD777,P006,T895,T1240,related,False,2,MAX2.0 зависимость между потоками 5.
TD778,P006,T896,T1243,blocks,True,3,MAX2.0 зависимость между потоками 6.
TD779,P006,T897,T1246,requires,False,4,MAX2.0 зависимость между потоками 7.
TD780,P006,T898,T1249,related,False,5,MAX2.0 зависимость между потоками 8.
TD781,P006,T899,T1252,blocks,False,0,MAX2.0 зависимость между потоками 9.
TD782,P006,T900,T1255,requires,False,1,MAX2.0 зависимость между потоками 10.
TD783,P006,T901,T1258,related,True,2,MAX2.0 зависимость между потоками 11.
TD784,P006,T902,T1261,blocks,False,3,MAX2.0 зависимость между потоками 12.
TD785,P006,T903,T1264,requires,False,4,MAX2.0 зависимость между потоками 13.
TD786,P006,T904,T1267,related,False,5,MAX2.0 зависимость между потоками 14.
TD787,P006,T905,T1270,blocks,False,0,MAX2.0 зависимость между потоками 15.
TD788,P006,T906,T1273,requires,True,1,MAX2.0 зависимость между потоками 16.
TD789,P006,T907,T1276,related,False,2,MAX2.0 зависимость между потоками 17.
TD790,P006,T908,T1279,blocks,False,3,MAX2.0 зависимость между потоками 18.
TD791,P006,T909,T1282,requires,False,4,MAX2.0 зависимость между потоками 19.
TD792,P006,T910,T1285,related,False,5,MAX2.0 зависимость между потоками 20.
TD793,P006,T911,T1288,blocks,True,0,MAX2.0 зависимость между потоками 21.
TD794,P006,T912,T1291,requires,False,1,MAX2.0 зависимость между потоками 22.
TD795,P006,T913,T1294,related,False,2,MAX2.0 зависимость между потоками 23.
TD796,P006,T914,T1297,blocks,False,3,MAX2.0 зависимость между потоками 24.
TD797,P006,T915,T1300,requires,False,4,MAX2.0 зависимость между потоками 25.
TD798,P006,T916,T1303,related,True,5,MAX2.0 зависимость между потоками 26.
TD799,P006,T917,T1306,blocks,False,0,MAX2.0 зависимость между потоками 27.
TD800,P006,T918,T1309,requires,False,1,MAX2.0 зависимость между потоками 28.
TD801,P006,T919,T1312,related,False,2,MAX2.0 зависимость между потоками 29.
TD802,P006,T920,T1315,blocks,False,3,MAX2.0 зависимость между потоками 30.
TD803,P006,T921,T1318,requires,True,4,MAX2.0 зависимость между потоками 31.
TD804,P006,T922,T1321,related,False,5,MAX2.0 зависимость между потоками 32.
TD805,P006,T923,T1324,blocks,False,0,MAX2.0 зависимость между потоками 33.
TD806,P006,T924,T1327,requires,False,1,MAX2.0 зависимость между потоками 34.
TD807,P006,T925,T1330,related,False,2,MAX2.0 зависимость между потоками 35.
TD808,P006,T926,T133,blocks,True,3,MAX2.0 зависимость между потоками 36.
TD809,P006,T927,T136,requires,False,4,MAX2.0 зависимость между потоками 37.
TD810,P006,T928,T139,related,False,5,MAX2.0 зависимость между потоками 38.
TD811,P006,T929,T142,blocks,False,0,MAX2.0 зависимость между потоками 39.
TD812,P006,T930,T145,requires,False,1,MAX2.0 зависимость между потоками 40.
TD813,P006,T931,T148,related,True,2,MAX2.0 зависимость между потоками 1.
TD814,P006,T932,T151,blocks,False,3,MAX2.0 зависимость между потоками 2.
TD815,P006,T933,T154,requires,False,4,MAX2.0 зависимость между потоками 3.
TD816,P006,T934,T157,related,False,5,MAX2.0 зависимость между потоками 4.
TD817,P006,T935,T160,blocks,False,0,MAX2.0 зависимость между потоками 5.
TD818,P006,T936,T163,requires,True,1,MAX2.0 зависимость между потоками 6.
TD819,P006,T937,T166,related,False,2,MAX2.0 зависимость между потоками 7.
TD820,P006,T938,T169,blocks,False,3,MAX2.0 зависимость между потоками 8.
TD821,P006,T939,T172,requires,False,4,MAX2.0 зависимость между потоками 9.
TD822,P006,T940,T175,related,False,5,MAX2.0 зависимость между потоками 10.
TD823,P006,T941,T178,blocks,True,0,MAX2.0 зависимость между потоками 11.
TD824,P006,T942,T181,requires,False,1,MAX2.0 зависимость между потоками 12.
TD825,P006,T943,T184,related,False,2,MAX2.0 зависимость между потоками 13.
TD826,P006,T944,T187,blocks,False,3,MAX2.0 зависимость между потоками 14.
TD827,P006,T945,T190,requires,False,4,MAX2.0 зависимость между потоками 15.
TD828,P006,T946,T193,related,True,5,MAX2.0 зависимость между потоками 16.
TD829,P006,T947,T196,blocks,False,0,MAX2.0 зависимость между потоками 17.
TD830,P006,T948,T199,requires,False,1,MAX2.0 зависимость между потоками 18.
TD831,P006,T949,T202,related,False,2,MAX2.0 зависимость между потоками 19.
TD832,P006,T950,T205,blocks,False,3,MAX2.0 зависимость между потоками 20.
TD833,P006,T951,T208,requires,True,4,MAX2.0 зависимость между потоками 21.
TD834,P006,T952,T211,related,False,5,MAX2.0 зависимость между потоками 22.
TD835,P006,T953,T214,blocks,False,0,MAX2.0 зависимость между потоками 23.
TD836,P006,T954,T217,requires,False,1,MAX2.0 зависимость между потоками 24.
TD837,P006,T955,T220,related,False,2,MAX2.0 зависимость между потоками 25.
TD838,P006,T956,T223,blocks,True,3,MAX2.0 зависимость между потоками 26.
TD839,P006,T957,T226,requires,False,4,MAX2.0 зависимость между потоками 27.
TD840,P006,T958,T229,related,False,5,MAX2.0 зависимость между потоками 28.
TD841,P006,T959,T232,blocks,False,0,MAX2.0 зависимость между потоками 29.
TD842,P006,T960,T235,requires,False,1,MAX2.0 зависимость между потоками 30.
TD843,P006,T961,T238,related,True,2,MAX2.0 зависимость между потоками 31.
TD844,P006,T962,T241,blocks,False,3,MAX2.0 зависимость между потоками 32.
TD845,P006,T963,T244,requires,False,4,MAX2.0 зависимость между потоками 33.
TD846,P006,T964,T247,related,False,5,MAX2.0 зависимость между потоками 34.
TD847,P006,T965,T250,blocks,False,0,MAX2.0 зависимость между потоками 35.
TD848,P006,T966,T253,requires,True,1,MAX2.0 зависимость между потоками 36.
TD849,P006,T967,T256,related,False,2,MAX2.0 зависимость между потоками 37.
TD850,P006,T968,T259,blocks,False,3,MAX2.0 зависимость между потоками 38.
TD851,P006,T969,T262,requires,False,4,MAX2.0 зависимость между потоками 39.
TD852,P006,T970,T265,related,False,5,MAX2.0 зависимость между потоками 40.
TD853,P006,T971,T268,blocks,True,0,MAX2.0 зависимость между потоками 1.
TD854,P006,T972,T271,requires,False,1,MAX2.0 зависимость между потоками 2.
TD855,P006,T973,T274,related,False,2,MAX2.0 зависимость между потоками 3.
TD856,P006,T974,T277,blocks,False,3,MAX2.0 зависимость между потоками 4.
TD857,P006,T975,T280,requires,False,4,MAX2.0 зависимость между потоками 5.
TD858,P006,T976,T283,related,True,5,MAX2.0 зависимость между потоками 6.
TD859,P006,T977,T286,blocks,False,0,MAX2.0 зависимость между потоками 7.
TD860,P006,T978,T289,requires,False,1,MAX2.0 зависимость между потоками 8.
TD861,P006,T979,T292,related,False,2,MAX2.0 зависимость между потоками 9.
TD862,P006,T980,T295,blocks,False,3,MAX2.0 зависимость между потоками 10.
TD863,P006,T981,T298,requires,True,4,MAX2.0 зависимость между потоками 11.
TD864,P006,T982,T301,related,False,5,MAX2.0 зависимость между потоками 12.
TD865,P006,T983,T304,blocks,False,0,MAX2.0 зависимость между потоками 13.
TD866,P006,T984,T307,requires,False,1,MAX2.0 зависимость между потоками 14.
TD867,P006,T985,T310,related,False,2,MAX2.0 зависимость между потоками 15.
TD868,P006,T986,T313,blocks,True,3,MAX2.0 зависимость между потоками 16.
TD869,P006,T987,T316,requires,False,4,MAX2.0 зависимость между потоками 17.
TD870,P006,T988,T319,related,False,5,MAX2.0 зависимость между потоками 18.
TD871,P006,T989,T322,blocks,False,0,MAX2.0 зависимость между потоками 19.
TD872,P006,T990,T325,requires,False,1,MAX2.0 зависимость между потоками 20.
TD873,P006,T991,T328,related,True,2,MAX2.0 зависимость между потоками 21.
TD874,P006,T992,T331,blocks,False,3,MAX2.0 зависимость между потоками 22.
TD875,P006,T993,T334,requires,False,4,MAX2.0 зависимость между потоками 23.
TD876,P006,T994,T337,related,False,5,MAX2.0 зависимость между потоками 24.
TD877,P006,T995,T340,blocks,False,0,MAX2.0 зависимость между потоками 25.
TD878,P006,T996,T343,requires,True,1,MAX2.0 зависимость между потоками 26.
TD879,P006,T997,T346,related,False,2,MAX2.0 зависимость между потоками 27.
TD880,P006,T998,T349,blocks,False,3,MAX2.0 зависимость между потоками 28.
TD881,P006,T999,T352,requires,False,4,MAX2.0 зависимость между потоками 29.
TD882,P006,T1000,T355,related,False,5,MAX2.0 зависимость между потоками 30.
TD883,P006,T1001,T358,blocks,True,0,MAX2.0 зависимость между потоками 31.
TD884,P006,T1002,T361,requires,False,1,MAX2.0 зависимость между потоками 32.
TD885,P006,T1003,T364,related,False,2,MAX2.0 зависимость между потоками 33.
TD886,P006,T1004,T367,blocks,False,3,MAX2.0 зависимость между потоками 34.
TD887,P006,T1005,T370,requires,False,4,MAX2.0 зависимость между потоками 35.
TD888,P006,T1006,T373,related,True,5,MAX2.0 зависимость между потоками 36.
TD889,P006,T1007,T376,blocks,False,0,MAX2.0 зависимость между потоками 37.
TD890,P006,T1008,T379,requires,False,1,MAX2.0 зависимость между потоками 38.
TD891,P006,T1009,T382,related,False,2,MAX2.0 зависимость между потоками 39.
TD892,P006,T1010,T385,blocks,False,3,MAX2.0 зависимость между потоками 40.
TD893,P006,T1011,T388,requires,True,4,MAX2.0 зависимость между потоками 1.
TD894,P006,T1012,T391,related,False,5,MAX2.0 зависимость между потоками 2.
TD895,P006,T1013,T394,blocks,False,0,MAX2.0 зависимость между потоками 3.
TD896,P006,T1014,T397,requires,False,1,MAX2.0 зависимость между потоками 4.
TD897,P006,T1015,T400,related,False,2,MAX2.0 зависимость между потоками 5.
TD898,P006,T1016,T403,blocks,True,3,MAX2.0 зависимость между потоками 6.
TD899,P006,T1017,T406,requires,False,4,MAX2.0 зависимость между потоками 7.
TD900,P006,T1018,T409,related,False,5,MAX2.0 зависимость между потоками 8.
TD901,P006,T1019,T412,blocks,False,0,MAX2.0 зависимость между потоками 9.
TD902,P006,T1020,T415,requires,False,1,MAX2.0 зависимость между потоками 10.
TD903,P006,T1021,T418,related,True,2,MAX2.0 зависимость между потоками 11.
TD904,P006,T1022,T421,blocks,False,3,MAX2.0 зависимость между потоками 12.
TD905,P006,T1023,T424,requires,False,4,MAX2.0 зависимость между потоками 13.
TD906,P006,T1024,T427,related,False,5,MAX2.0 зависимость между потоками 14.
TD907,P006,T1025,T430,blocks,False,0,MAX2.0 зависимость между потоками 15.
TD908,P006,T1026,T433,requires,True,1,MAX2.0 зависимость между потоками 16.
TD909,P006,T1027,T436,related,False,2,MAX2.0 зависимость между потоками 17.
TD910,P006,T1028,T439,blocks,False,3,MAX2.0 зависимость между потоками 18.
TD911,P006,T1029,T442,requires,False,4,MAX2.0 зависимость между потоками 19.
TD912,P006,T1030,T445,related,False,5,MAX2.0 зависимость между потоками 20.
TD913,P006,T1031,T448,blocks,True,0,MAX2.0 зависимость между потоками 21.
TD914,P006,T1032,T451,requires,False,1,MAX2.0 зависимость между потоками 22.
TD915,P006,T1033,T454,related,False,2,MAX2.0 зависимость между потоками 23.
TD916,P006,T1034,T457,blocks,False,3,MAX2.0 зависимость между потоками 24.
TD917,P006,T1035,T460,requires,False,4,MAX2.0 зависимость между потоками 25.
TD918,P006,T1036,T463,related,True,5,MAX2.0 зависимость между потоками 26.
TD919,P006,T1037,T466,blocks,False,0,MAX2.0 зависимость между потоками 27.
TD920,P006,T1038,T469,requires,False,1,MAX2.0 зависимость между потоками 28.
TD921,P006,T1039,T472,related,False,2,MAX2.0 зависимость между потоками 29.
TD922,P006,T1040,T475,blocks,False,3,MAX2.0 зависимость между потоками 30.
TD923,P006,T1041,T478,requires,True,4,MAX2.0 зависимость между потоками 31.
TD924,P006,T1042,T481,related,False,5,MAX2.0 зависимость между потоками 32.
TD925,P006,T1043,T484,blocks,False,0,MAX2.0 зависимость между потоками 33.
TD926,P006,T1044,T487,requires,False,1,MAX2.0 зависимость между потоками 34.
TD927,P006,T1045,T490,related,False,2,MAX2.0 зависимость между потоками 35.
TD928,P006,T1046,T493,blocks,True,3,MAX2.0 зависимость между потоками 36.
TD929,P006,T1047,T496,requires,False,4,MAX2.0 зависимость между потоками 37.
TD930,P006,T1048,T499,related,False,5,MAX2.0 зависимость между потоками 38.
TD931,P006,T1049,T502,blocks,False,0,MAX2.0 зависимость между потоками 39.
TD932,P006,T1050,T505,requires,False,1,MAX2.0 зависимость между потоками 40.
TD933,P006,T1051,T508,related,True,2,MAX2.0 зависимость между потоками 1.
TD934,P006,T1052,T511,blocks,False,3,MAX2.0 зависимость между потоками 2.
TD935,P006,T1053,T514,requires,False,4,MAX2.0 зависимость между потоками 3.
TD936,P006,T1054,T517,related,False,5,MAX2.0 зависимость между потоками 4.
TD937,P006,T1055,T520,blocks,False,0,MAX2.0 зависимость между потоками 5.
TD938,P006,T1056,T523,requires,True,1,MAX2.0 зависимость между потоками 6.
TD939,P006,T1057,T526,related,False,2,MAX2.0 зависимость между потоками 7.
TD940,P006,T1058,T529,blocks,False,3,MAX2.0 зависимость между потоками 8.
TD941,P006,T1059,T532,requires,False,4,MAX2.0 зависимость между потоками 9.
TD942,P006,T1060,T535,related,False,5,MAX2.0 зависимость между потоками 10.
TD943,P006,T1061,T538,blocks,True,0,MAX2.0 зависимость между потоками 11.
TD944,P006,T1062,T541,requires,False,1,MAX2.0 зависимость между потоками 12.
TD945,P006,T1063,T544,related,False,2,MAX2.0 зависимость между потоками 13.
TD946,P006,T1064,T547,blocks,False,3,MAX2.0 зависимость между потоками 14.
TD947,P006,T1065,T550,requires,False,4,MAX2.0 зависимость между потоками 15.
TD948,P006,T1066,T553,related,True,5,MAX2.0 зависимость между потоками 16.
TD949,P006,T1067,T556,blocks,False,0,MAX2.0 зависимость между потоками 17.
TD950,P006,T1068,T559,requires,False,1,MAX2.0 зависимость между потоками 18.
TD951,P006,T1069,T562,related,False,2,MAX2.0 зависимость между потоками 19.
TD952,P006,T1070,T565,blocks,False,3,MAX2.0 зависимость между потоками 20.
TD953,P006,T1071,T568,requires,True,4,MAX2.0 зависимость между потоками 21.
TD954,P006,T1072,T571,related,False,5,MAX2.0 зависимость между потоками 22.
TD955,P006,T1073,T574,blocks,False,0,MAX2.0 зависимость между потоками 23.
TD956,P006,T1074,T577,requires,False,1,MAX2.0 зависимость между потоками 24.
TD957,P006,T1075,T580,related,False,2,MAX2.0 зависимость между потоками 25.
TD958,P006,T1076,T583,blocks,True,3,MAX2.0 зависимость между потоками 26.
TD959,P006,T1077,T586,requires,False,4,MAX2.0 зависимость между потоками 27.
TD960,P006,T1078,T589,related,False,5,MAX2.0 зависимость между потоками 28.
TD961,P006,T1079,T592,blocks,False,0,MAX2.0 зависимость между потоками 29.
TD962,P006,T1080,T595,requires,False,1,MAX2.0 зависимость между потоками 30.
TD963,P006,T1081,T598,related,True,2,MAX2.0 зависимость между потоками 31.
TD964,P006,T1082,T601,blocks,False,3,MAX2.0 зависимость между потоками 32.
TD965,P006,T1083,T604,requires,False,4,MAX2.0 зависимость между потоками 33.
TD966,P006,T1084,T607,related,False,5,MAX2.0 зависимость между потоками 34.
TD967,P006,T1085,T610,blocks,False,0,MAX2.0 зависимость между потоками 35.
TD968,P006,T1086,T613,requires,True,1,MAX2.0 зависимость между потоками 36.
TD969,P006,T1087,T616,related,False,2,MAX2.0 зависимость между потоками 37.
TD970,P006,T1088,T619,blocks,False,3,MAX2.0 зависимость между потоками 38.
TD971,P006,T1089,T622,requires,False,4,MAX2.0 зависимость между потоками 39.
TD972,P006,T1090,T625,related,False,5,MAX2.0 зависимость между потоками 40.
TD973,P006,T1091,T628,blocks,True,0,MAX2.0 зависимость между потоками 1.
TD974,P006,T1092,T631,requires,False,1,MAX2.0 зависимость между потоками 2.
TD975,P006,T1093,T634,related,False,2,MAX2.0 зависимость между потоками 3.
TD976,P006,T1094,T637,blocks,False,3,MAX2.0 зависимость между потоками 4.
TD977,P006,T1095,T640,requires,False,4,MAX2.0 зависимость между потоками 5.
TD978,P006,T1096,T643,related,True,5,MAX2.0 зависимость между потоками 6.
TD979,P006,T1097,T646,blocks,False,0,MAX2.0 зависимость между потоками 7.
TD980,P006,T1098,T649,requires,False,1,MAX2.0 зависимость между потоками 8.
TD981,P006,T1099,T652,related,False,2,MAX2.0 зависимость между потоками 9.
TD982,P006,T1100,T655,blocks,False,3,MAX2.0 зависимость между потоками 10.
TD983,P006,T1101,T658,requires,True,4,MAX2.0 зависимость между потоками 11.
TD984,P006,T1102,T661,related,False,5,MAX2.0 зависимость между потоками 12.
TD985,P006,T1103,T664,blocks,False,0,MAX2.0 зависимость между потоками 13.
TD986,P006,T1104,T667,requires,False,1,MAX2.0 зависимость между потоками 14.
TD987,P006,T1105,T670,related,False,2,MAX2.0 зависимость между потоками 15.
TD988,P006,T1106,T673,blocks,True,3,MAX2.0 зависимость между потоками 16.
TD989,P006,T1107,T676,requires,False,4,MAX2.0 зависимость между потоками 17.
TD990,P006,T1108,T679,related,False,5,MAX2.0 зависимость между потоками 18.
TD991,P006,T1109,T682,blocks,False,0,MAX2.0 зависимость между потоками 19.
TD992,P006,T1110,T685,requires,False,1,MAX2.0 зависимость между потоками 20.
TD993,P006,T1111,T688,related,True,2,MAX2.0 зависимость между потоками 21.
TD994,P006,T1112,T691,blocks,False,3,MAX2.0 зависимость между потоками 22.
TD995,P006,T1113,T694,requires,False,4,MAX2.0 зависимость между потоками 23.
TD996,P006,T1114,T697,related,False,5,MAX2.0 зависимость между потоками 24.
TD997,P006,T1115,T700,blocks,False,0,MAX2.0 зависимость между потоками 25.
TD998,P006,T1116,T703,requires,True,1,MAX2.0 зависимость между потоками 26.
TD999,P006,T1117,T706,related,False,2,MAX2.0 зависимость между потоками 27.
TD1000,P006,T1118,T709,blocks,False,3,MAX2.0 зависимость между потоками 28.
TD1001,P006,T1119,T712,requires,False,4,MAX2.0 зависимость между потоками 29.
TD1002,P006,T1120,T715,related,False,5,MAX2.0 зависимость между потоками 30.
TD1003,P006,T1121,T718,blocks,True,0,MAX2.0 зависимость между потоками 31.
TD1004,P006,T1122,T721,requires,False,1,MAX2.0 зависимость между потоками 32.
TD1005,P006,T1123,T724,related,False,2,MAX2.0 зависимость между потоками 33.
TD1006,P006,T1124,T727,blocks,False,3,MAX2.0 зависимость между потоками 34.
TD1007,P006,T1125,T730,requires,False,4,MAX2.0 зависимость между потоками 35.
TD1008,P006,T1126,T733,related,True,5,MAX2.0 зависимость между потоками 36.
TD1009,P006,T1127,T736,blocks,False,0,MAX2.0 зависимость между потоками 37.
TD1010,P006,T1128,T739,requires,False,1,MAX2.0 зависимость между потоками 38.
TD1011,P006,T1129,T742,related,False,2,MAX2.0 зависимость между потоками 39.
TD1012,P006,T1130,T745,blocks,False,3,MAX2.0 зависимость между потоками 40.
